timestamp,sock1,sock2,sock3,sock4,sock5,FSR1,FSR2,FSR3,FSR4,FSR5,FSR6,FSR7
1746049940946,Ã‰4095,4095,4095,4095,4095,0,0,0,0,0,0,0
1746049940946,4095,4095,4095,4095,4095,0,0,0,0,0,0,0
1746049940963,4095,4095,4095,4095,4095,0,0,0,0,0,0,0
1746049940979,4095,4095,4095,4095,4095,0,0,0,0,0,0,0
1746049940979,4095,4095,4095,4095,4095,0,0,0,0,0,0,0
1746049940996,4095,4095,4095,4095,4095,0,0,0,0,0,0,0
1746049941012,4095,4095,4095,4095,4095,0,0,0,0,0,0,0
1746049941012,4095,4095,4095,4095,4095,0,0,0,0,0,0,0
1746049941030,4095,4095,4095,4095,4095,0,0,0,0,0,0,0
1746049941045,4095,4095,4095,4095,4095,0,0,0,0,0,0,0
1746049941045,4095,4095,4095,4095,4095,0,0,0,0,0,0,0
1746049941063,4095,4095,4095,4095,4095,0,0,0,0,0,0,0
1746049941079,4095,4095,4095,4095,4095,0,0,0,0,0,0,0
1746049941079,4095,4095,4095,4095,4095,0,0,0,0,0,0,0
1746049941095,4095,4095,4095,4095,4095,0,0,0,0,0,0,0
1746049941112,4095,4095,4095,4095,4095,0,0,0,0,0,0,0
1746049941112,4095,4095,4095,4095,4095,0,0,0,0,0,0,0
1746049941129,4095,4095,4095,4095,4095,0,0,0,0,0,0,0
1746049941146,4095,4095,4095,4095,4095,0,0,0,0,0,0,0
1746049941146,4095,4095,4095,4095,4095,0,0,0,0,0,0,0
1746049941162,4095,4095,4095,4095,4095,0,0,0,0,0,0,0
1746049941180,4095,4095,4095,4095,4095,0,0,0,0,0,0,0
1746049941180,4095,4095,4095,4095,4095,0,0,0,0,0,0,0
1746049941196,4095,4095,4095,4095,4095,0,0,0,0,0,0,0
1746049941213,4095,4095,4095,4095,4095,0,0,0,0,0,0,0
1746049941213,4095,4095,4095,4095,4095,0,0,0,0,0,0,0
1746049941230,4095,4095,4095,4095,4095,0,0,0,0,0,0,0
1746049941230,4095,4095,4095,4095,4095,0,0,0,0,0,0,0
1746049941246,4095,4095,4095,4095,4095,0,0,0,0,0,0,0
1746049941262,4095,4095,4095,4095,4095,0,0,0,0,0,0,0
1746049941278,4095,4095,4095,4095,4095,0,0,0,0,0,0,0
1746049941278,4095,4095,4095,4095,4095,0,0,0,0,0,0,0
1746049941295,4095,4095,4095,4095,4095,0,0,0,0,0,0,0
1746049941313,4095,4095,4095,4095,4095,0,0,0,0,0,0,0
1746049941313,4095,4095,4095,4095,4095,0,0,0,0,0,0,0
1746049941329,4095,4095,4095,4095,4095,0,0,0,0,0,0,0
1746049941329,4095,4095,4095,4095,4095,0,0,0,0,0,0,0
1746049941346,4095,4095,4095,4095,4095,0,0,0,0,0,0,0
1746049941363,4095,4095,4095,4095,4095,0,0,0,0,0,0,0
1746049941363,4095,4095,4095,4095,4095,0,0,0,0,0,0,0
1746049941379,4095,4095,4095,4095,4095,0,0,0,0,0,0,0
1746049941395,4095,4095,4095,4095,4095,0,0,0,0,0,0,0
1746049941395,4095,4095,4095,4095,4095,0,0,0,0,0,0,0
1746049941412,4095,4095,4095,4095,4095,0,0,0,0,0,0,0
1746049941429,4095,4095,4095,4095,4095,0,0,0,0,0,0,0
1746049941429,4095,4095,4095,4095,4095,0,0,0,0,0,0,0
1746049941446,4095,4095,4095,4095,4095,0,0,0,0,0,0,0
1746049941462,4095,4095,4095,4095,4095,0,0,0,0,0,0,0
1746049941462,4095,4095,4095,4095,4095,0,0,0,0,0,0,0
1746049941479,4095,4095,4095,4095,4095,0,0,0,0,0,0,0
1746049941495,4095,4095,4095,4095,4095,0,0,0,0,0,0,0
1746049941495,4095,4095,4095,4095,4095,0,0,0,0,0,0,0
1746049941513,4095,4095,4095,4095,4095,0,0,0,0,0,0,0
1746049941528,4095,4095,4095,4095,4095,0,0,0,0,0,0,0
1746049941528,4095,4095,4095,4095,4095,0,0,0,0,0,0,0
1746049941545,4095,4095,4095,4095,4095,0,0,0,0,0,0,0
1746049941563,4095,4095,4095,4095,4095,0,0,0,0,0,0,0
1746049941563,4095,4095,4095,4095,4095,0,0,0,0,0,0,0
1746049941579,4095,4095,4095,4095,4095,0,0,0,0,0,0,0
1746049941596,4095,4095,4095,4095,4095,0,0,0,0,0,0,0
1746049941596,4095,4095,4095,4095,4095,0,0,0,0,0,0,0
1746049941613,4095,4095,4095,4095,4095,0,0,0,0,0,0,0
1746049941629,4095,4095,4095,4095,4095,0,0,0,0,0,0,0
1746049941629,4095,4095,4095,4095,4095,0,0,0,0,0,0,0
1746049941645,4095,4095,4095,4095,4095,0,0,0,0,0,0,0
1746049941663,4095,4095,4095,4095,4095,0,0,0,0,0,0,0
1746049941663,4095,4095,4095,4095,4095,0,0,0,0,0,0,0
1746049941679,4095,4095,4095,4095,4095,0,0,0,0,0,0,0
1746049941696,4095,4095,4095,4095,4095,0,0,0,0,0,0,0
1746049941696,4095,4095,4095,4095,4095,0,0,0,0,0,0,0
1746049941712,4095,4095,4095,4095,4095,0,0,0,0,0,0,0
1746049941729,4095,4095,4095,4095,4095,0,0,0,0,0,0,0
1746049941729,4095,4095,4095,4095,4095,0,0,0,0,0,0,0
1746049941746,4095,4095,4095,4095,4095,0,0,0,0,0,0,0
1746049941762,4095,4095,4095,4095,4095,0,0,0,0,0,0,0
1746049941762,4095,4095,4095,4095,4095,0,0,0,0,0,0,0
1746049941779,4095,4095,4095,4095,4095,0,0,0,0,0,0,0
1746049941779,4095,4095,4095,4095,4095,0,0,0,0,0,0,0
1746049941796,4095,4095,4095,4095,4095,0,0,0,0,0,0,0
1746049941812,4095,4095,4095,4095,4095,0,0,0,0,0,0,0
1746049941812,4095,4095,4095,4095,4095,0,0,0,0,0,0,0
1746049941829,4095,4095,4095,4095,4095,0,0,0,0,0,0,0
1746049941846,4095,4095,4095,4095,4095,0,0,0,0,0,0,0
1746049941846,4095,4095,4095,4095,4095,0,0,0,0,0,0,0
1746049941863,4095,4095,4095,4095,4095,0,0,0,0,0,0,0
1746049941879,4095,4095,4095,4095,4095,0,0,0,0,0,0,0
1746049941879,4095,4095,4095,4095,4095,0,0,0,0,0,0,0
1746049941896,4095,4095,4095,4095,4095,0,0,0,0,0,0,0
1746049941912,4095,4095,4095,4095,4095,0,0,0,0,0,0,0
1746049941912,4095,4095,4095,4095,4095,0,0,0,0,0,0,0
1746049941930,4095,4095,4095,4095,4095,0,0,0,0,0,0,0
1746049941946,4095,4095,4095,4095,4095,0,0,0,0,0,0,0
1746049941946,4095,4095,4095,4095,4095,0,0,0,0,0,0,0
1746049941964,4095,4095,4095,4095,4095,0,0,0,0,0,0,0
1746049941978,4095,4095,4095,4095,4095,0,0,0,0,0,0,0
1746049941978,4095,4095,4095,4095,4095,0,0,0,0,0,0,0
1746049941996,4095,4095,4095,4095,4095,0,0,0,0,0,0,0
1746049942012,4095,4095,4095,4095,4095,0,0,0,0,0,0,0
1746049942012,4095,4095,4095,4095,4095,0,0,0,0,0,0,0
1746049942029,4095,4095,4095,4095,4095,0,0,0,0,0,0,0
1746049942045,4095,4095,4095,4095,4095,0,0,0,0,0,0,0
1746049942045,4095,4095,4095,4095,4095,0,0,0,0,0,0,0
1746049942063,4095,4095,4095,4095,4095,0,0,0,0,0,0,0
1746049942079,4095,4095,4095,4095,4095,0,0,0,0,0,0,0
1746049942079,4095,4095,4095,4095,4095,0,0,0,0,0,0,0
1746049942095,4095,4095,4095,4095,4095,0,0,0,0,0,0,0
1746049942112,4095,4095,4095,4095,4095,0,0,0,0,0,0,0
1746049942112,4095,4095,4095,4095,4095,0,0,0,0,0,0,0
1746049942129,4095,4095,4095,4095,4095,0,0,0,0,0,0,0
1746049942146,4095,4095,4095,4095,4095,0,0,0,0,0,0,0
1746049942146,4095,4095,4095,4095,4095,0,0,0,0,0,0,0
1746049942162,4095,4095,4095,4095,4095,0,0,0,0,0,0,0
1746049942179,4095,4095,4095,4095,4095,0,0,0,0,0,0,0
1746049942179,4095,4095,4095,4095,4095,0,0,0,0,0,0,0
1746049942195,4095,4095,4095,4095,4095,0,0,0,0,0,0,0
1746049942213,4095,4095,4095,4095,4095,0,0,0,0,0,0,0
1746049942213,4095,4095,4095,4095,4095,0,0,0,0,0,0,0
1746049942229,4095,4095,4095,4095,4095,0,0,0,0,0,0,0
1746049942246,4095,4095,4095,4095,4095,0,0,0,0,0,0,0
1746049942246,4095,4095,4095,4095,4095,0,0,0,0,0,0,0
1746049942263,4095,4095,4095,4095,4095,0,0,0,0,0,0,0
1746049942279,4095,4095,4095,4095,4095,0,0,0,0,0,0,0
1746049942279,4095,4095,4095,4095,4095,0,0,0,0,0,0,0
1746049942296,4095,4095,4095,4095,4095,0,0,0,0,0,0,0
1746049942312,4095,4095,4095,4095,4095,0,0,0,0,0,0,0
1746049942312,4095,4095,4095,4095,4095,0,0,0,0,0,0,0
1746049942329,4095,4095,4095,4095,4095,0,0,0,0,0,0,0
1746049942345,4095,4095,4095,4095,4095,0,0,0,0,0,0,0
1746049942345,4095,4095,4095,4095,4095,0,0,0,0,0,0,0
1746049942363,4095,4095,4095,4095,4095,0,0,0,0,0,0,0
1746049942363,4095,4095,4095,4095,4095,0,0,0,0,0,0,0
1746049942379,4095,4095,4095,4095,4095,0,0,0,0,0,0,0
1746049942396,4095,4095,4095,4095,4095,0,0,0,0,0,0,0
1746049942396,4095,4095,4095,4095,4095,0,0,0,0,0,0,0
1746049942413,4095,4095,4095,4095,4095,0,0,0,0,0,0,0
1746049942429,4095,4095,4095,4095,4095,0,0,0,0,0,0,0
1746049942429,4095,4095,4095,4095,4095,0,0,0,0,0,0,0
1746049942445,4095,4095,4095,4095,4095,0,0,0,0,0,0,0
1746049942462,4095,4095,4095,4095,4095,0,0,0,0,0,0,0
1746049942462,4095,4095,4095,4095,4095,0,0,0,0,0,0,0
1746049942479,4095,4095,4095,4095,4095,0,0,0,0,0,0,0
1746049942495,4095,4095,4095,4095,4095,0,0,0,0,0,0,0
1746049942495,4095,4095,4095,4095,4095,0,0,0,0,0,0,0
1746049942512,4095,4095,4095,4095,4095,0,0,0,0,0,0,0
1746049942530,4095,4095,4095,4095,4095,0,0,0,0,0,0,0
1746049942530,4095,4095,4095,4095,4095,0,0,0,0,0,0,0
1746049942546,4095,4095,4095,4095,4095,0,0,0,0,0,0,0
1746049942563,4095,4095,4095,4095,4095,0,0,0,0,0,0,0
1746049942563,4095,4095,4095,4095,4095,0,0,0,0,0,0,0
1746049942578,4095,4095,4095,4095,4095,0,0,0,0,0,0,0
1746049942596,4095,4095,4095,4095,4095,0,0,0,0,0,0,0
1746049942596,4095,4095,4095,4095,4095,0,0,0,0,0,0,0
1746049942612,4095,4095,4095,4095,4095,0,0,0,0,0,0,0
1746049942629,4095,4095,4095,4095,4095,0,0,0,0,0,0,0
1746049942629,4095,4095,4095,4095,4095,0,0,0,0,0,0,0
1746049942645,4095,4095,4095,4095,4095,0,0,0,0,0,0,0
1746049942663,4095,4095,4095,4095,4095,0,0,0,0,0,0,0
1746049942663,4095,4095,4095,4095,4095,0,0,0,0,0,0,0
1746049942679,4095,4095,4095,4095,4095,0,0,0,0,0,0,0
1746049942696,4095,4095,4095,4095,4095,0,0,0,0,0,0,0
1746049942696,4095,4095,4095,4095,4095,0,0,0,0,0,0,0
1746049942713,4095,4095,4095,4095,4095,0,0,0,0,0,0,0
1746049942729,4095,4095,4095,4095,4095,0,0,0,0,0,0,0
1746049942729,4095,4095,4095,4095,4095,0,0,0,0,0,0,0
1746049942745,4095,4095,4095,4095,4095,0,0,0,0,0,0,0
1746049942763,4095,4095,4095,4095,4095,0,0,0,0,0,0,0
1746049942763,4095,4095,4095,4095,4095,0,0,0,0,0,0,0
1746049942779,4095,4095,4095,4095,4095,0,0,0,0,0,0,0
1746049942796,4095,4095,4095,4095,4095,0,0,0,0,0,0,0
1746049942796,4095,4095,4095,4095,4095,0,0,0,0,0,0,0
1746049942812,4095,4095,4095,4095,4095,0,0,0,0,0,0,0
1746049942829,4095,4095,4095,4095,4095,0,0,0,0,0,0,0
1746049942829,4095,4095,4095,4095,4095,0,0,0,0,0,0,0
1746049942845,4095,4095,4095,4095,4095,0,0,0,0,0,0,0
1746049942862,4095,4095,4095,4095,4095,0,0,0,0,0,0,0
1746049942862,4095,4095,4095,4095,4095,0,0,0,0,0,0,0
1746049942879,4095,4095,4095,4095,4095,0,0,0,0,0,0,0
1746049942895,4095,4095,4095,4095,4095,0,0,0,0,0,0,0
1746049942895,4095,4095,4095,4095,4095,0,0,0,0,0,0,0
1746049942913,4095,4095,4095,4095,4095,0,0,0,0,0,0,0
1746049942928,4095,4095,4095,4095,4095,0,0,0,0,0,0,0
1746049942928,4095,4095,4095,4095,4095,0,0,0,0,0,0,0
1746049942945,4095,4095,4095,4095,4095,0,0,0,0,0,0,0
1746049942963,4095,4095,4095,4095,4095,0,0,0,0,0,0,0
1746049942963,4095,4095,4095,4095,4095,0,0,0,0,0,0,0
1746049942978,4095,4095,4095,4095,4095,0,0,0,0,0,0,0
1746049942996,4095,4095,4095,4095,4095,0,0,0,0,0,0,0
1746049942996,4095,4095,4095,4095,4095,0,0,0,0,0,0,0
1746049943013,4095,4095,4095,4095,4095,0,0,0,0,0,0,0
1746049943013,4095,4095,4095,4095,4095,0,0,0,0,0,0,0
1746049943029,4095,4095,4095,4095,4095,0,0,0,0,0,0,0
1746049943046,4095,4095,4095,4095,4095,0,0,0,0,0,0,0
1746049943046,4095,4095,4095,4095,4095,0,0,0,0,0,0,0
1746049943062,4095,4095,4095,4095,4095,0,0,0,0,0,0,0
1746049943079,4095,4095,4095,4095,4095,0,0,0,0,0,0,0
1746049943079,4095,4095,4095,4095,4095,0,0,0,0,0,0,0
1746049943096,4095,4095,4095,4095,4095,0,0,0,0,0,0,0
1746049943112,4095,4095,4095,4095,4095,0,0,0,0,0,0,0
1746049943112,4095,4095,4095,4095,4095,0,0,0,0,0,0,0
1746049943130,4095,4095,4095,4095,4095,0,0,0,0,0,0,0
1746049943145,4095,4095,4095,4095,4095,0,0,0,0,0,0,0
1746049943145,4095,4095,4095,4095,4095,0,0,0,0,0,0,0
1746049943163,4095,4095,4095,4095,4095,0,0,0,0,0,0,0
1746049943179,4095,4095,4095,4095,4095,0,0,0,0,0,0,0
1746049943179,4095,4095,4095,4095,4095,0,0,0,0,0,0,0
1746049943195,4095,4095,4095,4095,4095,0,0,0,0,0,0,0
1746049943213,4095,4095,4095,4095,4095,0,0,0,0,0,0,0
1746049943213,4095,4095,4095,4095,4095,0,0,0,0,0,0,0
1746049943229,4095,4095,4095,4095,4095,0,0,0,0,0,0,0
1746049943246,4095,4095,4095,4095,4095,0,0,0,0,0,0,0
1746049943246,4095,4095,4095,4095,4095,0,0,0,0,0,0,0
1746049943262,4095,4095,4095,4095,4095,0,0,0,0,0,0,0
1746049943279,4095,4095,4095,4095,4095,0,0,0,0,0,0,0
1746049943279,4095,4095,4095,4095,4095,0,0,0,0,0,0,0
1746049943296,4095,4095,4095,4095,4095,0,0,0,0,0,0,0
1746049943313,4095,4095,4095,4095,4095,0,0,0,0,0,0,0
1746049943313,4095,4095,4095,4095,4095,0,0,0,0,0,0,0
1746049943329,4095,4095,4095,4095,4095,0,0,0,0,0,0,0
1746049943345,4095,4095,4095,4095,4095,0,0,0,0,0,0,0
1746049943345,4095,4095,4095,4095,4095,0,0,0,0,0,0,0
1746049943363,4095,4095,4095,4095,4095,0,0,0,0,0,0,0
1746049943379,4095,4095,4095,4095,4095,0,0,0,0,0,0,0
1746049943379,4095,4095,4095,4095,4095,0,0,0,0,0,0,0
1746049943396,4095,4095,4095,4095,4095,0,0,0,0,0,0,0
1746049943413,4095,4095,4095,4095,4095,0,0,0,0,0,0,0
1746049943413,4095,4095,4095,4095,4095,0,0,0,0,0,0,0
1746049943428,4095,4095,4095,4095,4095,0,0,0,0,0,0,0
1746049943445,4095,4095,4095,4095,4095,0,0,0,0,0,0,0
1746049943445,4095,4095,4095,4095,4095,0,0,0,0,0,0,0
1746049943463,4095,4095,4095,4095,4095,0,0,0,0,0,0,0
1746049943463,4095,4095,4095,4095,4095,0,0,0,0,0,0,0
1746049943479,4095,4095,4095,4095,4095,0,0,0,0,0,0,0
1746049943496,4095,4095,4095,4095,4095,0,0,0,0,0,0,0
1746049943496,4095,4095,4095,4095,4095,0,0,0,0,0,0,0
1746049943513,4095,4095,4095,4095,4095,0,0,0,0,0,0,0
1746049943529,4095,4095,4095,4095,4095,0,0,0,0,0,0,0
1746049943546,4095,4095,4095,4095,4095,0,0,0,0,0,0,0
1746049943546,4095,4095,4095,4095,4095,0,0,0,0,0,0,0
1746049943562,4095,4095,4095,4095,4095,0,0,0,0,0,0,0
1746049943562,4095,4095,4095,4095,4095,0,0,0,0,0,0,0
1746049943579,4095,4095,4095,4095,4095,0,0,0,0,0,0,0
1746049943596,4095,4095,4095,4095,4095,0,0,0,0,0,0,0
1746049943596,4095,4095,4095,4095,4095,0,0,0,0,0,0,0
1746049943612,4095,4095,4095,4095,4095,0,0,0,0,0,0,0
1746049943629,4095,4095,4095,4095,4095,0,0,0,0,0,0,0
1746049943629,4095,4095,4095,4095,4095,0,0,0,0,0,0,0
1746049943647,4095,4095,4095,4095,4095,0,0,0,0,0,0,0
1746049943663,4095,4095,4095,4095,4095,0,0,0,0,0,0,0
1746049943663,4095,4095,4095,4095,4095,0,0,0,0,0,0,0
1746049943680,4095,4095,4095,4095,4095,0,0,0,0,0,0,0
1746049943697,4095,4095,4095,4095,4095,0,0,0,0,0,0,0
1746049943697,4095,4095,4095,4095,4095,0,0,0,0,0,0,0
1746049943713,4095,4095,4095,4095,4095,0,0,0,0,0,0,0
1746049943729,4095,4095,4095,4095,4095,0,0,0,0,0,0,0
1746049943729,4095,4095,4095,4095,4095,0,0,0,0,0,0,0
1746049943746,4095,4095,4095,4095,4095,0,0,0,0,0,0,0
1746049943762,4095,4095,4095,4095,4095,0,0,0,0,0,0,0
1746049943762,4095,4095,4095,4095,4095,0,0,0,0,0,0,0
1746049943779,4095,4095,4095,4095,4095,0,0,0,0,0,0,0
1746049943796,4095,4095,4095,4095,4095,0,0,0,0,0,0,0
1746049943796,4095,4095,4095,4095,4095,0,0,0,0,0,0,0
1746049943813,4095,4095,4095,4095,4095,0,0,0,0,0,0,0
1746049943829,4095,4095,4095,4095,4095,0,0,0,0,0,0,0
1746049943829,4095,4095,4095,4095,4095,0,0,0,0,0,0,0
1746049943846,4095,4095,4095,4095,4095,0,0,0,0,0,0,0
1746049943862,4095,4095,4095,4095,4095,0,0,0,0,0,0,0
1746049943862,4095,4095,4095,4095,4095,0,0,0,0,0,0,0
1746049943879,4095,4095,4095,4095,4095,0,0,0,0,0,0,0
1746049943896,4095,4095,4095,4095,4095,0,0,0,0,0,0,0
1746049943896,4095,4095,4095,4095,4095,0,0,0,0,0,0,0
1746049943912,4095,4095,4095,4095,4095,0,0,0,0,0,0,0
1746049943930,4095,4095,4095,4095,4095,0,0,0,0,0,0,0
1746049943930,4095,4095,4095,4095,4095,0,0,0,0,0,0,0
1746049943945,4095,4095,4095,4095,4095,0,0,0,0,0,0,0
1746049943962,4095,4095,4095,4095,4095,0,0,0,0,0,0,0
1746049943962,4095,4095,4095,4095,4095,0,0,0,0,0,0,0
1746049943980,4095,4095,4095,4095,4095,0,0,0,0,0,0,0
1746049943980,4095,4095,4095,4095,4095,0,0,0,0,0,0,0
1746049943996,4095,4095,4095,4095,4095,0,0,0,0,0,0,0
1746049944012,4095,4095,4095,4095,4095,0,0,0,0,0,0,0
1746049944029,4095,4095,4095,4095,4095,0,0,0,0,0,0,0
1746049944029,4095,4095,4095,4095,4095,0,0,0,0,0,0,0
1746049944045,4095,4095,4095,4095,4095,0,0,0,0,0,0,0
1746049944063,4095,4095,4095,4095,4095,0,0,0,0,0,0,0
1746049944063,4095,4095,4095,4095,4095,0,0,0,0,0,0,0
1746049944079,4095,4095,4095,4095,4095,0,0,0,0,0,0,0
1746049944079,4095,4095,4095,4095,4095,0,0,0,0,0,0,0
1746049944096,4095,4095,4095,4095,4095,0,0,0,0,0,0,0
1746049944112,4095,4095,4095,4095,4095,0,0,0,0,0,0,0
1746049944112,4095,4095,4095,4095,4095,0,0,0,0,0,0,0
1746049944129,4095,4095,4095,4095,4095,0,0,0,0,0,0,0
1746049944145,4095,4095,4095,4095,4095,0,0,0,0,0,0,0
1746049944145,4095,4095,4095,4095,4095,0,0,0,0,0,0,0
1746049944162,4095,4095,4095,4095,4095,0,0,0,0,0,0,0
1746049944180,4095,4095,4095,4095,4095,0,0,0,0,0,0,0
1746049944180,4095,4095,4095,4095,4095,0,0,0,0,0,0,0
1746049944196,4095,4095,4095,4095,4095,0,0,0,0,0,0,0
1746049944212,4095,4095,4095,4095,4095,0,0,0,0,0,0,0
1746049944212,4095,4095,4095,4095,4095,0,0,0,0,0,0,0
1746049944229,4095,4095,4095,4095,4095,0,0,0,0,0,0,0
1746049944246,4095,4095,4095,4095,4095,0,0,0,0,0,0,0
1746049944246,4095,4095,4095,4095,4095,0,0,0,0,0,0,0
1746049944262,4095,4095,4095,4095,4095,0,0,0,0,0,0,0
1746049944279,4095,4095,4095,4095,4095,0,0,0,0,0,0,0
1746049944279,4095,4095,4095,4095,4095,0,0,0,0,0,0,0
1746049944296,4095,4095,4095,4095,4095,0,0,0,0,0,0,0
1746049944312,4095,4095,4095,4095,4095,0,0,0,0,0,0,0
1746049944312,4095,4095,4095,4095,4095,0,0,0,0,0,0,0
1746049944330,4095,4095,4095,4095,4095,0,0,0,0,0,0,0
1746049944346,4095,4095,4095,4095,4095,0,0,0,0,0,0,0
1746049944346,4095,4095,4095,4095,4095,0,0,0,0,0,0,0
1746049944363,4095,4095,4095,4095,4095,0,0,0,0,0,0,0
1746049944379,4095,4095,4095,4095,4095,0,0,0,0,0,0,0
1746049944379,4095,4095,4095,4095,4095,0,0,0,0,0,0,0
1746049944396,4095,4095,4095,4095,4095,0,0,0,0,0,0,0
1746049944413,4095,4095,4095,4095,4095,0,0,0,0,0,0,0
1746049944413,4095,4095,4095,4095,4095,0,0,0,0,0,0,0
1746049944429,4095,4095,4095,4095,4095,0,0,0,0,0,0,0
1746049944446,4095,4095,4095,4095,4095,0,0,0,0,0,0,0
1746049944446,4095,4095,4095,4095,4095,0,0,0,0,0,0,0
1746049944462,4095,4095,4095,4095,4095,0,0,0,0,0,0,0
1746049944479,4095,4095,4095,4095,4095,0,0,0,0,0,0,0
1746049944479,4095,4095,4095,4095,4095,0,0,0,0,0,0,0
1746049944496,4095,4095,4095,4095,4095,0,0,0,0,0,0,0
1746049944512,4095,4095,4095,4095,4095,0,0,0,0,0,0,0
1746049944512,4095,4095,4095,4095,4095,0,0,0,0,0,0,0
1746049944529,4095,4095,4095,4095,4095,0,0,0,0,0,0,0
1746049944547,4095,4095,4095,4095,4095,0,0,0,0,0,0,0
1746049944547,4095,4095,4095,4095,4095,0,0,0,0,0,0,0
1746049944562,4095,4095,4095,4095,4095,0,0,0,0,0,0,0
1746049944580,4095,4095,4095,4095,4095,0,0,0,0,0,0,0
1746049944580,4095,4095,4095,4095,4095,0,0,0,0,0,0,0
1746049944595,4095,4095,4095,4095,4095,0,0,0,0,0,0,0
1746049944613,4095,4095,4095,4095,4095,0,0,0,0,0,0,0
1746049944613,4095,4095,4095,4095,4095,0,0,0,0,0,0,0
1746049944629,4095,4095,4095,4095,4095,0,0,0,0,0,0,0
1746049944629,4095,4095,4095,4095,4095,0,0,0,0,0,0,0
1746049944646,4095,4095,4095,4095,4095,0,0,0,0,0,0,0
1746049944662,4095,4095,4095,4095,4095,0,0,0,0,0,0,0
1746049944662,4095,4095,4095,4095,4095,0,0,0,0,0,0,0
1746049944680,4095,4095,4095,4095,4095,0,0,0,0,0,0,0
1746049944696,4095,4095,4095,4095,4095,0,0,0,0,0,0,0
1746049944696,4095,4095,4095,4095,4095,0,0,0,0,0,0,0
1746049944712,4095,4095,4095,4095,4095,0,0,0,0,0,0,0
1746049944729,4095,4095,4095,4095,4095,0,0,0,0,0,0,0
1746049944729,4095,4095,4095,4095,4095,0,0,0,0,0,0,0
1746049944746,4095,4095,4095,4095,4095,0,0,0,0,0,0,0
1746049944762,4095,4095,4095,4095,4095,0,0,0,0,0,0,0
1746049944762,4095,4095,4095,4095,4095,0,0,0,0,0,0,0
1746049944780,4095,4095,4095,4095,4095,0,0,0,0,0,0,0
1746049944796,4095,4095,4095,4095,4095,0,0,0,0,0,0,0
1746049944796,4095,4095,4095,4095,4095,0,0,0,0,0,0,0
1746049944812,4095,4095,4095,4095,4095,0,0,0,0,0,0,0
1746049944828,4095,4095,4095,4095,4095,0,0,0,0,0,0,0
1746049944828,4095,4095,4095,4095,4095,0,0,0,0,0,0,0
1746049944845,4095,4095,4095,4095,4095,0,0,0,0,0,0,0
1746049944862,4095,4095,4095,4095,4095,0,0,0,0,0,0,0
1746049944862,4095,4095,4095,4095,4095,0,0,0,0,0,0,0
1746049944879,4095,4095,4095,4095,4095,0,0,0,0,0,0,0
1746049944896,4095,4095,4095,4095,4095,0,0,0,0,0,0,0
1746049944896,4095,4095,4095,4095,4095,0,0,0,0,0,0,0
1746049944913,4095,4095,4095,4095,4095,0,0,0,0,0,0,0
1746049944929,4095,4095,4095,4095,4095,0,0,0,0,0,0,0
1746049944929,4095,4095,4095,4095,4095,0,0,0,0,0,0,0
1746049944946,4095,4095,4095,4095,4095,0,0,0,0,0,0,0
1746049944962,4095,4095,4095,4095,4095,0,0,0,0,0,0,0
1746049944962,4095,4095,4095,4095,4095,0,0,0,0,0,0,0
1746049944979,4095,4095,4095,4095,4095,0,0,0,0,0,0,0
1746049944996,4095,4095,4095,4095,4095,0,0,0,0,0,0,0
1746049944996,4095,4095,4095,4095,4095,0,0,0,0,0,0,0
1746049945012,4095,4095,4095,4095,4095,0,0,0,0,0,0,0
1746049945029,4095,4095,4095,4095,4095,0,0,0,0,0,0,0
1746049945029,4095,4095,4095,4095,4095,0,0,0,0,0,0,0
1746049945045,4095,4095,4095,4095,4095,0,0,0,0,0,0,0
1746049945063,4095,4095,4095,4095,4095,0,0,0,0,0,0,0
1746049945063,4095,4095,4095,4095,4095,0,0,0,0,0,0,0
1746049945079,4095,4095,4095,4095,4095,0,0,0,0,0,0,0
1746049945096,4095,4095,4095,4095,4095,0,0,0,0,0,0,0
1746049945096,4095,4095,4095,4095,4095,0,0,0,0,0,0,0
1746049945112,4095,4095,4095,4095,4095,0,0,0,0,0,0,0
1746049945129,4095,4095,4095,4095,4095,0,0,0,0,0,0,0
1746049945129,4095,4095,4095,4095,4095,0,0,0,0,0,0,0
1746049945145,4095,4095,4095,4095,4095,0,0,0,0,0,0,0
1746049945162,4095,4095,4095,4095,4095,0,0,0,0,0,0,0
1746049945162,4095,4095,4095,4095,4095,0,0,0,0,0,0,0
1746049945179,4095,4095,4095,4095,4095,0,0,0,0,0,0,0
1746049945179,4095,4095,4095,4095,4095,0,0,0,0,0,0,0
1746049945195,4095,4095,4095,4095,4095,0,0,0,0,0,0,0
1746049945212,4095,4095,4095,4095,4095,0,0,0,0,0,0,0
1746049945212,4095,4095,4095,4095,4095,0,0,0,0,0,0,0
1746049945229,4095,4095,4095,4095,4095,0,0,0,0,0,0,0
1746049945246,4095,4095,4095,4095,4095,0,0,0,0,0,0,0
1746049945246,4095,4095,4095,4095,4095,0,0,0,0,0,0,0
1746049945263,4095,4095,4095,4095,4095,0,0,0,0,0,0,0
1746049945279,4095,4095,4095,4095,4095,0,0,0,0,0,0,0
1746049945279,4095,4095,4095,4095,4095,0,0,0,0,0,0,0
1746049945297,4095,4095,4095,4095,4095,0,0,0,0,0,0,0
1746049945312,4095,4095,4095,4095,4095,0,0,0,0,0,0,0
1746049945312,4095,4095,4095,4095,4095,0,0,0,0,0,0,0
1746049945329,4095,4095,4095,4095,4095,0,0,0,0,0,0,0
1746049945346,4095,4095,4095,4095,4095,0,0,0,0,0,0,0
1746049945346,4095,4095,4095,4095,4095,0,0,0,0,0,0,0
1746049945363,4095,4095,4095,4095,4095,0,0,0,0,0,0,0
1746049945379,4095,4095,4095,4095,4095,0,0,0,0,0,0,0
1746049945379,4095,4095,4095,4095,4095,0,0,0,0,0,0,0
1746049945396,4095,4095,4095,4095,4095,0,0,0,0,0,0,0
1746049945413,4095,4095,4095,4095,4095,0,0,0,0,0,0,0
1746049945413,4095,4095,4095,4095,4095,0,0,0,0,0,0,0
1746049945429,4095,4095,4095,4095,4095,0,0,0,0,0,0,0
1746049945446,4095,4095,4095,4095,4095,0,0,0,0,0,0,0
1746049945446,4095,4095,4095,4095,4095,0,0,0,0,0,0,0
1746049945464,4095,4095,4095,4095,4095,0,0,0,0,0,0,0
1746049945480,4095,4095,4095,4095,4095,0,0,0,0,0,0,0
1746049945480,4095,4095,4095,4095,4095,0,0,0,0,0,0,0
1746049945496,4095,4095,4095,4095,4095,0,0,0,0,0,0,0
1746049945512,4095,4095,4095,4095,4095,0,0,0,0,0,0,0
1746049945512,4095,4095,4095,4095,4095,0,0,0,0,0,0,0
1746049945529,4095,4095,4095,4095,4095,0,0,0,0,0,0,0
1746049945546,4095,4095,4095,4095,4095,0,0,0,0,0,0,0
1746049945546,4095,4095,4095,4095,4095,0,0,0,0,0,0,0
1746049945562,4095,4095,4095,4095,4095,0,0,0,0,0,0,0
1746049945579,4095,4095,4095,4095,4095,0,0,0,0,0,0,0
1746049945579,4095,4095,4095,4095,4095,0,0,0,0,0,0,0
1746049945596,4095,4095,4095,4095,4095,0,0,0,0,0,0,0
1746049945612,4095,4095,4095,4095,4095,0,0,0,0,0,0,0
1746049945612,4095,4095,4095,4095,4095,0,0,0,0,0,0,0
1746049945629,4095,4095,4095,4095,4095,0,0,0,0,0,0,0
1746049945645,4095,4095,4095,4095,4095,0,0,0,0,0,0,0
1746049945645,4095,4095,4095,4095,4095,0,0,0,0,0,0,0
1746049945662,4095,4095,4095,4095,4095,0,0,0,0,0,0,0
1746049945680,4095,4095,4095,4095,4095,0,0,0,0,0,0,0
1746049945680,4095,4095,4095,4095,4095,0,0,0,0,0,0,0
1746049945696,4095,4095,4095,4095,4095,0,0,0,0,0,0,0
1746049945696,4095,4095,4095,4095,4095,0,0,0,0,0,0,0
1746049945712,4095,4095,4095,4095,4095,0,0,0,0,0,0,0
1746049945730,4095,4095,4095,4095,4095,0,0,0,0,0,0,0
1746049945730,4095,4095,4095,4095,4095,0,0,0,0,0,0,0
1746049945746,4095,4095,4095,4095,4095,0,0,0,0,0,0,0
1746049945762,4095,4095,4095,4095,4095,0,0,0,0,0,0,0
1746049945762,4095,4095,4095,4095,4095,0,0,0,0,0,0,0
1746049945778,4095,4095,4095,4095,4095,0,0,0,0,0,0,0
1746049945796,4095,4095,4095,4095,4095,0,0,0,0,0,0,0
1746049945796,4095,4095,4095,4095,4095,0,0,0,0,0,0,0
1746049945812,4095,4095,4095,4095,4095,0,0,0,0,0,0,0
1746049945830,4095,4095,4095,4095,4095,0,0,0,0,0,0,0
1746049945830,4095,4095,4095,4095,4095,0,0,0,0,0,0,0
1746049945846,4095,4095,4095,4095,4095,0,0,0,0,0,0,0
1746049945862,4095,4095,4095,4095,4095,0,0,0,0,0,0,0
1746049945862,4095,4095,4095,4095,4095,0,0,0,0,0,0,0
1746049945879,4095,4095,4095,4095,4095,0,0,0,0,0,0,0
1746049945896,4095,4095,4095,4095,4095,0,0,0,0,0,0,0
1746049945896,4095,4095,4095,4095,4095,0,0,0,0,0,0,0
1746049945912,4095,4095,4095,4095,4095,0,0,0,0,0,0,0
1746049945929,4095,4095,4095,4095,4095,0,0,0,0,0,0,0
1746049945929,4095,4095,4095,4095,4095,0,0,0,0,0,0,0
1746049945947,4095,4095,4095,4095,4095,0,0,0,0,0,0,0
1746049945963,4095,4095,4095,4095,4095,0,0,0,0,0,0,0
1746049945963,4095,4095,4095,4095,4095,0,0,0,0,0,0,0
1746049945979,4095,4095,4095,4095,4095,0,0,0,0,0,0,0
1746049945997,4095,4095,4095,4095,4095,0,0,0,0,0,0,0
1746049945997,4095,4095,4095,4095,4095,0,0,0,0,0,0,0
1746049946013,4095,4095,4095,4095,4095,0,0,0,0,0,0,0
1746049946029,4095,4095,4095,4095,4095,0,0,0,0,0,0,0
1746049946029,4095,4095,4095,4095,4095,0,0,0,0,0,0,0
1746049946047,4095,4095,4095,4095,4095,0,0,0,0,0,0,0
1746049946063,4095,4095,4095,4095,4095,0,0,0,0,0,0,0
1746049946063,4095,4095,4095,4095,4095,0,0,0,0,0,0,0
1746049946079,4095,4095,4095,4095,4095,0,0,0,0,0,0,0
1746049946095,4095,4095,4095,4095,4095,0,0,0,0,0,0,0
1746049946095,4095,4095,4095,4095,4095,0,0,0,0,0,0,0
1746049946112,4095,4095,4095,4095,4095,0,0,0,0,0,0,0
1746049946129,4095,4095,4095,4095,4095,0,0,0,0,0,0,0
1746049946129,4095,4095,4095,4095,4095,0,0,0,0,0,0,0
1746049946146,4095,4095,4095,4095,4095,0,0,0,0,0,0,0
1746049946163,4095,4095,4095,4095,4095,0,0,0,0,0,0,0
1746049946163,4095,4095,4095,4095,4095,0,0,0,0,0,0,0
1746049946179,4095,4095,4095,4095,4095,0,0,0,0,0,0,0
1746049946195,4095,4095,4095,4095,4095,0,0,0,0,0,0,0
1746049946195,4095,4095,4095,4095,4095,0,0,0,0,0,0,0
1746049946212,4095,4095,4095,4095,4095,0,0,0,0,0,0,0
1746049946230,4095,4095,4095,4095,4095,0,0,0,0,0,0,0
1746049946230,4095,4095,4095,4095,4095,0,0,0,0,0,0,0
1746049946246,4095,4095,4095,4095,4095,0,0,0,0,0,0,0
1746049946262,4095,4095,4095,4095,4095,0,0,0,0,0,0,0
1746049946262,4095,4095,4095,4095,4095,0,0,0,0,0,0,0
1746049946280,4095,4095,4095,4095,4095,0,0,0,0,0,0,0
1746049946280,4095,4095,4095,4095,4095,0,0,0,0,0,0,0
1746049946295,4095,4095,4095,4095,4095,0,0,0,0,0,0,0
1746049946312,4095,4095,4095,4095,4095,0,0,0,0,0,0,0
1746049946312,4095,4095,4095,4095,4095,0,0,0,0,0,0,0
1746049946329,4095,4095,4095,4095,4095,0,0,0,0,0,0,0
1746049946346,4095,4095,4095,4095,4095,0,0,0,0,0,0,0
1746049946346,4095,4095,4095,4095,4095,0,0,0,0,0,0,0
1746049946362,4095,4095,4095,4095,4095,0,0,0,0,0,0,0
1746049946379,4095,4095,4095,4095,4095,0,0,0,0,0,0,0
1746049946379,4095,4095,4095,4095,4095,0,0,0,0,0,0,0
1746049946397,4095,4095,4095,4095,4095,0,0,0,0,0,0,0
1746049946413,4095,4095,4095,4095,4095,0,0,0,0,0,0,0
1746049946413,4095,4095,4095,4095,4095,0,0,0,0,0,0,0
1746049946429,4095,4095,4095,4095,4095,0,0,0,0,0,0,0
1746049946446,4095,4095,4095,4095,4095,0,0,0,0,0,0,0
1746049946446,4095,4095,4095,4095,4095,0,0,0,0,0,0,0
1746049946463,4095,4095,4095,4095,4095,0,0,0,0,0,0,0
1746049946480,4095,4095,4095,4095,4095,0,0,0,0,0,0,0
1746049946480,4095,4095,4095,4095,4095,0,0,0,0,0,0,0
1746049946497,4095,4095,4095,4095,4095,0,0,0,0,0,0,0
1746049946513,4095,4095,4095,4095,4095,0,0,0,0,0,0,0
1746049946513,4095,4095,4095,4095,4095,0,0,0,0,0,0,0
1746049946529,4095,4095,4095,4095,4095,0,0,0,0,0,0,0
1746049946546,4095,4095,4095,4095,4095,0,0,0,0,0,0,0
1746049946546,4095,4095,4095,4095,4095,0,0,0,0,0,0,0
1746049946562,4095,4095,4095,4095,4095,0,0,0,0,0,0,0
1746049946580,4095,4095,4095,4095,4095,0,0,0,0,0,0,0
1746049946580,4095,4095,4095,4095,4095,0,0,0,0,0,0,0
1746049946596,4095,4095,4095,4095,4095,0,0,0,0,0,0,0
1746049946612,4095,4095,4095,4095,4095,0,0,0,0,0,0,0
1746049946612,4095,4095,4095,4095,4095,0,0,0,0,0,0,0
1746049946630,4095,4095,4095,4095,4095,0,0,0,0,0,0,0
1746049946646,4095,4095,4095,4095,4095,0,0,0,0,0,0,0
1746049946646,4095,4095,4095,4095,4095,0,0,0,0,0,0,0
1746049946663,4095,4095,4095,4095,4095,0,0,0,0,0,0,0
1746049946679,4095,4095,4095,4095,4095,0,0,0,0,0,0,0
1746049946679,4095,4095,4095,4095,4095,0,0,0,0,0,0,0
1746049946696,4095,4095,4095,4095,4095,0,0,0,0,0,0,0
1746049946713,4095,4095,4095,4095,4095,0,0,0,0,0,0,0
1746049946713,4095,4095,4095,4095,4095,0,0,0,0,0,0,0
1746049946729,4095,4095,4095,4095,4095,0,0,0,0,0,0,0
1746049946746,4095,4095,4095,4095,4095,0,0,0,0,0,0,0
1746049946746,4095,4095,4095,4095,4095,0,0,0,0,0,0,0
1746049946762,4095,4095,4095,4095,4095,0,0,0,0,0,0,0
1746049946780,4095,4095,4095,4095,4095,0,0,0,0,0,0,0
1746049946780,4095,4095,4095,4095,4095,0,0,0,0,0,0,0
1746049946796,4095,4095,4095,4095,4095,0,0,0,0,0,0,0
1746049946796,4095,4095,4095,4095,4095,0,0,0,0,0,0,0
1746049946812,4095,4095,4095,4095,4095,0,0,0,0,0,0,0
1746049946830,4095,4095,4095,4095,4095,0,0,0,0,0,0,0
1746049946830,4095,4095,4095,4095,4095,0,0,0,0,0,0,0
1746049946846,4095,4095,4095,4095,4095,0,0,0,0,0,0,0
1746049946863,4095,4095,4095,4095,4095,0,0,0,0,0,0,0
1746049946863,4095,4095,4095,4095,4095,0,0,0,0,0,0,0
1746049946879,4095,4095,4095,4095,4095,0,0,0,0,0,0,0
1746049946896,4095,4095,4095,4095,4095,0,0,0,0,0,0,0
1746049946896,4095,4095,4095,4095,4095,0,0,0,0,0,0,0
1746049946912,4095,4095,4095,4095,4095,0,0,0,0,0,0,0
1746049946929,4095,4095,4095,4095,4095,0,0,0,0,0,0,0
1746049946929,4095,4095,4095,4095,4095,0,0,0,0,0,0,0
1746049946947,4095,4095,4095,4095,4095,0,0,0,0,0,0,0
1746049946963,4095,4095,4095,4095,4095,0,0,0,0,0,0,0
1746049946963,4095,4095,4095,4095,4095,0,0,0,0,0,0,0
1746049946979,4095,4095,4095,4095,4095,0,0,0,0,0,0,0
1746049946996,4095,4095,4095,4095,4095,0,0,0,0,0,0,0
1746049946996,4095,4095,4095,4095,4095,0,0,0,0,0,0,0
1746049947013,4095,4095,4095,4095,4095,0,0,0,0,0,0,0
1746049947029,4095,4095,4095,4095,4095,0,0,0,0,0,0,0
1746049947029,4095,4095,4095,4095,4095,0,0,0,0,0,0,0
1746049947046,4095,4095,4095,4095,4095,0,0,0,0,0,0,0
1746049947063,4095,4095,4095,4095,4095,0,0,0,0,0,0,0
1746049947063,4095,4095,4095,4095,4095,0,0,0,0,0,0,0
1746049947079,4095,4095,4095,4095,4095,0,0,0,0,0,0,0
1746049947096,4095,4095,4095,4095,4095,0,0,0,0,0,0,0
1746049947096,4095,4095,4095,4095,4095,0,0,0,0,0,0,0
1746049947113,4095,4095,4095,4095,4095,0,0,0,0,0,0,0
1746049947128,4095,4095,4095,4095,4095,0,0,0,0,0,0,0
1746049947128,4095,4095,4095,4095,4095,0,0,0,0,0,0,0
1746049947146,4095,4095,4095,4095,4095,0,0,0,0,0,0,0
1746049947162,4095,4095,4095,4095,4095,0,0,0,0,0,0,0
1746049947162,4095,4095,4095,4095,4095,0,0,0,0,0,0,0
1746049947179,4095,4095,4095,4095,4095,0,0,0,0,0,0,0
1746049947195,4095,4095,4095,4095,4095,0,0,0,0,0,0,0
1746049947195,4095,4095,4095,4095,4095,0,0,0,0,0,0,0
1746049947212,4095,4095,4095,4095,4095,0,0,0,0,0,0,0
1746049947229,4095,4095,4095,4095,4095,0,0,0,0,0,0,0
1746049947229,4095,4095,4095,4095,4095,0,0,0,0,0,0,0
1746049947247,4095,4095,4095,4095,4095,0,0,0,0,0,0,0
1746049947247,4095,4095,4095,4095,4095,0,0,0,0,0,0,0
1746049947262,4095,4095,4095,4095,4095,0,0,0,0,0,0,0
1746049947279,4095,4095,4095,4095,4095,0,0,0,0,0,0,0
1746049947296,4095,4095,4095,4095,4095,0,0,0,0,0,0,0
1746049947296,4095,4095,4095,4095,4095,0,0,0,0,0,0,0
1746049947312,4095,4095,4095,4095,4095,0,0,0,0,0,0,0
1746049947329,4095,4095,4095,4095,4095,0,0,0,0,0,0,0
1746049947329,4095,4095,4095,4095,4095,0,0,0,0,0,0,0
1746049947345,4095,4095,4095,4095,4095,0,0,0,0,0,0,0
1746049947362,4095,4095,4095,4095,4095,0,0,0,0,0,0,0
1746049947362,4095,4095,4095,4095,4095,0,0,0,0,0,0,0
1746049947379,4095,4095,4095,4095,4095,0,0,0,0,0,0,0
1746049947379,4095,4095,4095,4095,4095,0,0,0,0,0,0,0
1746049947396,4095,4095,4095,4095,4095,0,0,0,0,0,0,0
1746049947413,4095,4095,4095,4095,4095,0,0,0,0,0,0,0
1746049947413,4095,4095,4095,4095,4095,0,0,0,0,0,0,0
1746049947429,4095,4095,4095,4095,4095,0,0,0,0,0,0,0
1746049947446,4095,4095,4095,4095,4095,0,0,0,0,0,0,0
1746049947446,4095,4095,4095,4095,4095,0,0,0,0,0,0,0
1746049947463,4095,4095,4095,4095,4095,0,0,0,0,0,0,0
1746049947478,4095,4095,4095,4095,4095,0,0,0,0,0,0,0
1746049947478,4095,4095,4095,4095,4095,0,0,0,0,0,0,0
1746049947496,4095,4095,4095,4095,4095,0,0,0,0,0,0,0
1746049947513,4095,4095,4095,4095,4095,0,0,0,0,0,0,0
1746049947513,4095,4095,4095,4095,4095,0,0,0,0,0,0,0
1746049947529,4095,4095,4095,4095,4095,0,0,0,0,0,0,0
1746049947545,4095,4095,4095,4095,4095,0,0,0,0,0,0,0
1746049947545,4095,4095,4095,4095,4095,0,0,0,0,0,0,0
1746049947563,4095,4095,4095,4095,4095,0,0,0,0,0,0,0
1746049947580,4095,4095,4095,4095,4095,0,0,0,0,0,0,0
1746049947580,4095,4095,4095,4095,4095,0,0,0,0,0,0,0
1746049947595,4095,4095,4095,4095,4095,0,0,0,0,0,0,0
1746049947612,4095,4095,4095,4095,4095,0,0,0,0,0,0,0
1746049947612,4095,4095,4095,4095,4095,0,0,0,0,0,0,0
1746049947629,4095,4095,4095,4095,4095,0,0,0,0,0,0,0
1746049947646,4095,4095,4095,4095,4095,0,0,0,0,0,0,0
1746049947646,4095,4095,4095,4095,4095,0,0,0,0,0,0,0
1746049947662,4095,4095,4095,4095,4095,0,0,0,0,0,0,0
1746049947679,4095,4095,4095,4095,4095,0,0,0,0,0,0,0
1746049947679,4095,4095,4095,4095,4095,0,0,0,0,0,0,0
1746049947695,4095,4095,4095,4095,4095,0,0,0,0,0,0,0
1746049947713,4095,4095,4095,4095,4095,0,0,0,0,0,0,0
1746049947713,4095,4095,4095,4095,4095,0,0,0,0,0,0,0
1746049947729,4095,4095,4095,4095,4095,0,0,0,0,0,0,0
1746049947746,4095,4095,4095,4095,4095,0,0,0,0,0,0,0
1746049947746,4095,4095,4095,4095,4095,0,0,0,0,0,0,0
1746049947762,4095,4095,4095,4095,4095,0,0,0,0,0,0,0
1746049947779,4095,4095,4095,4095,4095,0,0,0,0,0,0,0
1746049947779,4095,4095,4095,4095,4095,0,0,0,0,0,0,0
1746049947796,4095,4095,4095,4095,4095,0,0,0,0,0,0,0
1746049947812,4095,4095,4095,4095,4095,0,0,0,0,0,0,0
1746049947812,4095,4095,4095,4095,4095,0,0,0,0,0,0,0
1746049947829,4095,4095,4095,4095,4095,0,0,0,0,0,0,0
1746049947847,4095,4095,4095,4095,4095,0,0,0,0,0,0,0
1746049947847,4095,4095,4095,4095,4095,0,0,0,0,0,0,0
1746049947863,4095,4095,4095,4095,4095,0,0,0,0,0,0,0
1746049947863,4095,4095,4095,4095,4095,0,0,0,0,0,0,0
1746049947879,4095,4095,4095,4095,4095,0,0,0,0,0,0,0
1746049947896,4095,4095,4095,4095,4095,0,0,0,0,0,0,0
1746049947896,4095,4095,4095,4095,4095,0,0,0,0,0,0,0
1746049947912,4095,4095,4095,4095,4095,0,0,0,0,0,0,0
1746049947930,4095,4095,4095,4095,4095,0,0,0,0,0,0,0
1746049947930,4095,4095,4095,4095,4095,0,0,0,0,0,0,0
1746049947946,4095,4095,4095,4095,4095,0,0,0,0,0,0,0
1746049947963,4095,4095,4095,4095,4095,0,0,0,0,0,0,0
1746049947963,4095,4095,4095,4095,4095,0,0,0,0,0,0,0
1746049947979,4095,4095,4095,4095,4095,0,0,0,0,0,0,0
1746049947996,4095,4095,4095,4095,4095,0,0,0,0,0,0,0
1746049947996,4095,4095,4095,4095,4095,0,0,0,0,0,0,0
1746049948012,4095,4095,4095,4095,4095,0,0,0,0,0,0,0
1746049948029,4095,4095,4095,4095,4095,0,0,0,0,0,0,0
1746049948029,4095,4095,4095,4095,4095,0,0,0,0,0,0,0
1746049948045,4095,4095,4095,4095,4095,0,0,0,0,0,0,0
1746049948062,4095,4095,4095,4095,4095,0,0,0,0,0,0,0
1746049948062,4095,4095,4095,4095,4095,0,0,0,0,0,0,0
1746049948080,4095,4095,4095,4095,4095,0,0,0,0,0,0,0
1746049948096,4095,4095,4095,4095,4095,0,0,0,0,0,0,0
1746049948096,4095,4095,4095,4095,4095,0,0,0,0,0,0,0
1746049948113,4095,4095,4095,4095,4095,0,0,0,0,0,0,0
1746049948129,4095,4095,4095,4095,4095,0,0,0,0,0,0,0
1746049948129,4095,4095,4095,4095,4095,0,0,0,0,0,0,0
1746049948146,4095,4095,4095,4095,4095,0,0,0,0,0,0,0
1746049948163,4095,4095,4095,4095,4095,0,0,0,0,0,0,0
1746049948163,4095,4095,4095,4095,4095,0,0,0,0,0,0,0
1746049948179,4095,4095,4095,4095,4095,0,0,0,0,0,0,0
1746049948196,4095,4095,4095,4095,4095,0,0,0,0,0,0,0
1746049948196,4095,4095,4095,4095,4095,0,0,0,0,0,0,0
1746049948213,4095,4095,4095,4095,4095,0,0,0,0,0,0,0
1746049948229,4095,4095,4095,4095,4095,0,0,0,0,0,0,0
1746049948229,4095,4095,4095,4095,4095,0,0,0,0,0,0,0
1746049948246,4095,4095,4095,4095,4095,0,0,0,0,0,0,0
1746049948263,4095,4095,4095,4095,4095,0,0,0,0,0,0,0
1746049948263,4095,4095,4095,4095,4095,0,0,0,0,0,0,0
1746049948279,4095,4095,4095,4095,4095,0,0,0,0,0,0,0
1746049948297,4095,4095,4095,4095,4095,0,0,0,0,0,0,0
1746049948297,4095,4095,4095,4095,4095,0,0,0,0,0,0,0
1746049948313,4095,4095,4095,4095,4095,0,0,0,0,0,0,0
1746049948328,4095,4095,4095,4095,4095,0,0,0,0,0,0,0
1746049948328,4095,4095,4095,4095,4095,0,0,0,0,0,0,0
1746049948346,4095,4095,4095,4095,4095,0,0,0,0,0,0,0
1746049948364,4095,4095,4095,4095,4095,0,0,0,0,0,0,0
1746049948364,4095,4095,4095,4095,4095,0,0,0,0,0,0,0
1746049948379,4095,4095,4095,4095,4095,0,0,0,0,0,0,0
1746049948396,4095,4095,4095,4095,4095,0,0,0,0,0,0,0
1746049948396,4095,4095,4095,4095,4095,0,0,0,0,0,0,0
1746049948413,4095,4095,4095,4095,4095,0,0,0,0,0,0,0
1746049948413,4095,4095,4095,4095,4095,0,0,0,0,0,0,0
1746049948429,4095,4095,4095,4095,4095,0,0,0,0,0,0,0
1746049948446,4095,4095,4095,4095,4095,0,0,0,0,0,0,0
1746049948446,4095,4095,4095,4095,4095,0,0,0,0,0,0,0
1746049948463,4095,4095,4095,4095,4095,0,0,0,0,0,0,0
1746049948479,4095,4095,4095,4095,4095,0,0,0,0,0,0,0
1746049948479,4095,4095,4095,4095,4095,0,0,0,0,0,0,0
1746049948496,4095,4095,4095,4095,4095,0,0,0,0,0,0,0
1746049948513,4095,4095,4095,4095,4095,0,0,0,0,0,0,0
1746049948513,4095,4095,4095,4095,4095,0,0,0,0,0,0,0
1746049948529,4095,4095,4095,4095,4095,0,0,0,0,0,0,0
1746049948546,4095,4095,4095,4095,4095,0,0,0,0,0,0,0
1746049948546,4095,4095,4095,4095,4095,0,0,0,0,0,0,0
1746049948563,4095,4095,4095,4095,4095,0,0,0,0,0,0,0
1746049948579,4095,4095,4095,4095,4095,0,0,0,0,0,0,0
1746049948579,4095,4095,4095,4095,4095,0,0,0,0,0,0,0
1746049948596,4095,4095,4095,4095,4095,0,0,0,0,0,0,0
1746049948613,4095,4095,4095,4095,4095,0,0,0,0,0,0,0
1746049948613,4095,4095,4095,4095,4095,0,0,0,0,0,0,0
1746049948630,4095,4095,4095,4095,4095,0,0,0,0,0,0,0
1746049948645,4095,4095,4095,4095,4095,0,0,0,0,0,0,0
1746049948645,4095,4095,4095,4095,4095,0,0,0,0,0,0,0
1746049948663,4095,4095,4095,4095,4095,0,0,0,0,0,0,0
1746049948680,4095,4095,4095,4095,4095,0,0,0,0,0,0,0
1746049948680,4095,4095,4095,4095,4095,0,0,0,0,0,0,0
1746049948696,4095,4095,4095,4095,4095,0,0,0,0,0,0,0
1746049948712,4095,4095,4095,4095,4095,0,0,0,0,0,0,0
1746049948712,4095,4095,4095,4095,4095,0,0,0,0,0,0,0
1746049948729,4095,4095,4095,4095,4095,0,0,0,0,0,0,0
1746049948747,4095,4095,4095,4095,4095,0,0,0,0,0,0,0
1746049948747,4095,4095,4095,4095,4095,0,0,0,0,0,0,0
1746049948763,4095,4095,4095,4095,4095,0,0,0,0,0,0,0
1746049948778,4095,4095,4095,4095,4095,0,0,0,0,0,0,0
1746049948778,4095,4095,4095,4095,4095,0,0,0,0,0,0,0
1746049948796,4095,4095,4095,4095,4095,0,0,0,0,0,0,0
1746049948813,4095,4095,4095,4095,4095,0,0,0,0,0,0,0
1746049948813,4095,4095,4095,4095,4095,0,0,0,0,0,0,0
1746049948829,4095,4095,4095,4095,4095,0,0,0,0,0,0,0
1746049948846,4095,4095,4095,4095,4095,0,0,0,0,0,0,0
1746049948846,4095,4095,4095,4095,4095,0,0,0,0,0,0,0
1746049948863,4095,4095,4095,4095,4095,0,0,0,0,0,0,0
1746049948879,4095,4095,4095,4095,4095,0,0,0,0,0,0,0
1746049948879,4095,4095,4095,4095,4095,0,0,0,0,0,0,0
1746049948896,4095,4095,4095,4095,4095,0,0,0,0,0,0,0
1746049948912,4095,4095,4095,4095,4095,0,0,0,0,0,0,0
1746049948912,4095,4095,4095,4095,4095,0,0,0,0,0,0,0
1746049948930,4095,4095,4095,4095,4095,0,0,0,0,0,0,0
1746049948946,4095,4095,4095,4095,4095,0,0,0,0,0,0,0
1746049948946,4095,4095,4095,4095,4095,0,0,0,0,0,0,0
1746049948963,4095,4095,4095,4095,4095,0,0,0,0,0,0,0
1746049948963,4095,4095,4095,4095,4095,0,0,0,0,0,0,0
1746049948979,4095,4095,4095,4095,4095,0,0,0,0,0,0,0
1746049948995,4095,4095,4095,4095,4095,0,0,0,0,0,0,0
1746049949013,4095,4095,4095,4095,4095,0,0,0,0,0,0,0
1746049949013,4095,4095,4095,4095,4095,0,0,0,0,0,0,0
1746049949029,4095,4095,4095,4095,4095,0,0,0,0,0,0,0
1746049949045,4095,4095,4095,4095,4095,0,0,0,0,0,0,0
1746049949045,4095,4095,4095,4095,4095,0,0,0,0,0,0,0
1746049949062,4095,4095,4095,4095,4095,0,0,0,0,0,0,0
1746049949062,4095,4095,4095,4095,4095,0,0,0,0,0,0,0
1746049949079,4095,4095,4095,4095,4095,0,0,0,0,0,0,0
1746049949096,4095,4095,4095,4095,4095,0,0,0,0,0,0,0
1746049949096,4095,4095,4095,4095,4095,0,0,0,0,0,0,0
1746049949113,4095,4095,4095,4095,4095,0,0,0,0,0,0,0
1746049949130,4095,4095,4095,4095,4095,0,0,0,0,0,0,0
1746049949130,4095,4095,4095,4095,4095,0,0,0,0,0,0,0
1746049949145,4095,4095,4095,4095,4095,0,0,0,0,0,0,0
1746049949163,4095,4095,4095,4095,4095,0,0,0,0,0,0,0
1746049949163,4095,4095,4095,4095,4095,0,0,0,0,0,0,0
1746049949179,4095,4095,4095,4095,4095,0,0,0,0,0,0,0
1746049949195,4095,4095,4095,4095,4095,0,0,0,0,0,0,0
1746049949195,4095,4095,4095,4095,4095,0,0,0,0,0,0,0
1746049949213,4095,4095,4095,4095,4095,0,0,0,0,0,0,0
1746049949229,4095,4095,4095,4095,4095,0,0,0,0,0,0,0
1746049949229,4095,4095,4095,4095,4095,0,0,0,0,0,0,0
1746049949245,4095,4095,4095,4095,4095,0,0,0,0,0,0,0
1746049949263,4095,4095,4095,4095,4095,0,0,0,0,0,0,0
1746049949263,4095,4095,4095,4095,4095,0,0,0,0,0,0,0
1746049949279,4095,4095,4095,4095,4095,0,0,0,0,0,0,0
1746049949296,4095,4095,4095,4095,4095,0,0,0,0,0,0,0
1746049949296,4095,4095,4095,4095,4095,0,0,0,0,0,0,0
1746049949313,4095,4095,4095,4095,4095,0,0,0,0,0,0,0
1746049949330,4095,4095,4095,4095,4095,0,0,0,0,0,0,0
1746049949330,4095,4095,4095,4095,4095,0,0,0,0,0,0,0
1746049949347,4095,4095,4095,4095,4095,0,0,0,0,0,0,0
1746049949363,4095,4095,4095,4095,4095,0,0,0,0,0,0,0
1746049949363,4095,4095,4095,4095,4095,0,0,0,0,0,0,0
1746049949380,4095,4095,4095,4095,4095,0,0,0,0,0,0,0
1746049949396,4095,4095,4095,4095,4095,0,0,0,0,0,0,0
1746049949396,4095,4095,4095,4095,4095,0,0,0,0,0,0,0
1746049949414,4095,4095,4095,4095,4095,0,0,0,0,0,0,0
1746049949414,4095,4095,4095,4095,4095,0,0,0,0,0,0,0
1746049949429,4095,4095,4095,4095,4095,0,0,0,0,0,0,0
1746049949446,4095,4095,4095,4095,4095,0,0,0,0,0,0,0
1746049949462,4095,4095,4095,4095,4095,0,0,0,0,0,0,0
1746049949462,4095,4095,4095,4095,4095,0,0,0,0,0,0,0
1746049949480,4095,4095,4095,4095,4095,0,0,0,0,0,0,0
1746049949480,4095,4095,4095,4095,4095,0,0,0,0,0,0,0
1746049949497,4095,4095,4095,4095,4095,0,0,0,0,0,0,0
1746049949513,4095,4095,4095,4095,4095,0,0,0,0,0,0,0
1746049949513,4095,4095,4095,4095,4095,0,0,0,0,0,0,0
1746049949529,4095,4095,4095,4095,4095,0,0,0,0,0,0,0
1746049949546,4095,4095,4095,4095,4095,0,0,0,0,0,0,0
1746049949546,4095,4095,4095,4095,4095,0,0,0,0,0,0,0
1746049949563,4095,4095,4095,4095,4095,0,0,0,0,0,0,0
1746049949580,4095,4095,4095,4095,4095,0,0,0,0,0,0,0
1746049949580,4095,4095,4095,4095,4095,0,0,0,0,0,0,0
1746049949596,4095,4095,4095,4095,4095,0,0,0,0,0,0,0
1746049949613,4095,4095,4095,4095,4095,0,0,0,0,0,0,0
1746049949613,4095,4095,4095,4095,4095,0,0,0,0,0,0,0
1746049949629,4095,4095,4095,4095,4095,0,0,0,0,0,0,0
1746049949646,4095,4095,4095,4095,4095,0,0,0,0,0,0,0
1746049949646,4095,4095,4095,4095,4095,0,0,0,0,0,0,0
1746049949662,4095,4095,4095,4095,4095,0,0,0,0,0,0,0
1746049949679,4095,4095,4095,4095,4095,0,0,0,0,0,0,0
1746049949679,4095,4095,4095,4095,4095,0,0,0,0,0,0,0
1746049949695,4095,4095,4095,4095,4095,0,0,0,0,0,0,0
1746049949713,4095,4095,4095,4095,4095,0,0,0,0,0,0,0
1746049949713,4095,4095,4095,4095,4095,0,0,0,0,0,0,0
1746049949729,4095,4095,4095,4095,4095,0,0,0,0,0,0,0
1746049949746,4095,4095,4095,4095,4095,0,0,0,0,0,0,0
1746049949746,4095,4095,4095,4095,4095,0,0,0,0,0,0,0
1746049949763,4095,4095,4095,4095,4095,0,0,0,0,0,0,0
1746049949780,4095,4095,4095,4095,4095,0,0,0,0,0,0,0
1746049949780,4095,4095,4095,4095,4095,0,0,0,0,0,0,0
1746049949796,4095,4095,4095,4095,4095,0,0,0,0,0,0,0
1746049949812,4095,4095,4095,4095,4095,0,0,0,0,0,0,0
1746049949812,4095,4095,4095,4095,4095,0,0,0,0,0,0,0
1746049949829,4095,4095,4095,4095,4095,0,0,0,0,0,0,0
1746049949845,4095,4095,4095,4095,4095,0,0,0,0,0,0,0
1746049949845,4095,4095,4095,4095,4095,0,0,0,0,0,0,0
1746049949862,4095,4095,4095,4095,4095,0,0,0,0,0,0,0
1746049949879,4095,4095,4095,4095,4095,0,0,0,0,0,0,0
1746049949879,4095,4095,4095,4095,4095,0,0,0,0,0,0,0
1746049949896,4095,4095,4095,4095,4095,0,0,0,0,0,0,0
1746049949912,4095,4095,4095,4095,4095,0,0,0,0,0,0,0
1746049949912,4095,4095,4095,4095,4095,0,0,0,0,0,0,0
1746049949929,4095,4095,4095,4095,4095,0,0,0,0,0,0,0
1746049949946,4095,4095,4095,4095,4095,0,0,0,0,0,0,0
1746049949946,4095,4095,4095,4095,4095,0,0,0,0,0,0,0
1746049949963,4095,4095,4095,4095,4095,0,0,0,0,0,0,0
1746049949980,4095,4095,4095,4095,4095,0,0,0,0,0,0,0
1746049949980,4095,4095,4095,4095,4095,0,0,0,0,0,0,0
1746049949997,4095,4095,4095,4095,4095,0,0,0,0,0,0,0
1746049950012,4095,4095,4095,4095,4095,0,0,0,0,0,0,0
1746049950012,4095,4095,4095,4095,4095,0,0,0,0,0,0,0
1746049950030,4095,4095,4095,4095,4095,0,0,0,0,0,0,0
1746049950030,4095,4095,4095,4095,4095,0,0,0,0,0,0,0
1746049950046,4095,4095,4095,4095,4095,0,0,0,0,0,0,0
1746049950063,4095,4095,4095,4095,4095,0,0,0,0,0,0,0
1746049950063,4095,4095,4095,4095,4095,0,0,0,0,0,0,0
1746049950079,4095,4095,4095,4095,4095,0,0,0,0,0,0,0
1746049950095,4095,4095,4095,4095,4095,0,0,0,0,0,0,0
1746049950112,4095,4095,4095,4095,4095,0,0,0,0,0,0,0
1746049950112,4095,4095,4095,4095,4095,0,0,0,0,0,0,0
1746049950129,4095,4095,4095,4095,4095,0,0,0,0,0,0,0
1746049950129,4095,4095,4095,4095,4095,0,0,0,0,0,0,0
1746049950147,4095,4095,4095,4095,4095,0,0,0,0,0,0,0
1746049950162,4095,4095,4095,4095,4095,0,0,0,0,0,0,0
1746049950162,4095,4095,4095,4095,4095,0,0,0,0,0,0,0
1746049950179,4095,4095,4095,4095,4095,0,0,0,0,0,0,0
1746049950196,4095,4095,4095,4095,4095,0,0,0,0,0,0,0
1746049950196,4095,4095,4095,4095,4095,0,0,0,0,0,0,0
1746049950212,4095,4095,4095,4095,4095,0,0,0,0,0,0,0
1746049950229,4095,4095,4095,4095,4095,0,0,0,0,0,0,0
1746049950229,4095,4095,4095,4095,4095,0,0,0,0,0,0,0
1746049950246,4095,4095,4095,4095,4095,0,0,0,0,0,0,0
1746049950263,4095,4095,4095,4095,4095,0,0,0,0,0,0,0
1746049950263,4095,4095,4095,4095,4095,0,0,0,0,0,0,0
1746049950280,4095,4095,4095,4095,4095,0,0,0,0,0,0,0
1746049950295,4095,4095,4095,4095,4095,0,0,0,0,0,0,0
1746049950295,4095,4095,4095,4095,4095,0,0,0,0,0,0,0
1746049950313,4095,4095,4095,4095,4095,0,0,0,0,0,0,0
1746049950330,4095,4095,4095,4095,4095,0,0,0,0,0,0,0
1746049950330,4095,4095,4095,4095,4095,0,0,0,0,0,0,0
1746049950346,4095,4095,4095,4095,4095,0,0,0,0,0,0,0
1746049950363,4095,4095,4095,4095,4095,0,0,0,0,0,0,0
1746049950363,4095,4095,4095,4095,4095,0,0,0,0,0,0,0
1746049950380,4095,4095,4095,4095,4095,0,0,0,0,0,0,0
1746049950396,4095,4095,4095,4095,4095,0,0,0,0,0,0,0
1746049950396,4095,4095,4095,4095,4095,0,0,0,0,0,0,0
1746049950413,4095,4095,4095,4095,4095,0,0,0,0,0,0,0
1746049950429,4095,4095,4095,4095,4095,0,0,0,0,0,0,0
1746049950429,4095,4095,4095,4095,4095,0,0,0,0,0,0,0
1746049950446,4095,4095,4095,4095,4095,0,0,0,0,0,0,0
1746049950464,4095,4095,4095,4095,4095,0,0,0,0,0,0,0
1746049950464,4095,4095,4095,4095,4095,0,0,0,0,0,0,0
1746049950480,4095,4095,4095,4095,4095,0,0,0,0,0,0,0
1746049950497,4095,4095,4095,4095,4095,0,0,0,0,0,0,0
1746049950497,4095,4095,4095,4095,4095,0,0,0,0,0,0,0
1746049950513,4095,4095,4095,4095,4095,0,0,0,0,0,0,0
1746049950529,4095,4095,4095,4095,4095,0,0,0,0,0,0,0
1746049950529,4095,4095,4095,4095,4095,0,0,0,0,0,0,0
1746049950546,4095,4095,4095,4095,4095,0,0,0,0,0,0,0
1746049950562,4095,4095,4095,4095,4095,0,0,0,0,0,0,0
1746049950562,4095,4095,4095,4095,4095,0,0,0,0,0,0,0
1746049950579,4095,4095,4095,4095,4095,0,0,0,0,0,0,0
1746049950596,4095,4095,4095,4095,4095,0,0,0,0,0,0,0
1746049950596,4095,4095,4095,4095,4095,0,0,0,0,0,0,0
1746049950612,4095,4095,4095,4095,4095,0,0,0,0,0,0,0
1746049950629,4095,4095,4095,4095,4095,0,0,0,0,0,0,0
1746049950629,4095,4095,4095,4095,4095,0,0,0,0,0,0,0
1746049950646,4095,4095,4095,4095,4095,0,0,0,0,0,0,0
1746049950646,4095,4095,4095,4095,4095,0,0,0,0,0,0,0
1746049950664,4095,4095,4095,4095,4095,0,0,0,0,0,0,0
1746049950680,4095,4095,4095,4095,4095,0,0,0,0,0,0,0
1746049950680,4095,4095,4095,4095,4095,0,0,0,0,0,0,0
1746049950695,4095,4095,4095,4095,4095,0,0,0,0,0,0,0
1746049950712,4095,4095,4095,4095,4095,0,0,0,0,0,0,0
1746049950712,4095,4095,4095,4095,4095,0,0,0,0,0,0,0
1746049950729,4095,4095,4095,4095,4095,0,0,0,0,0,0,0
1746049950746,4095,4095,4095,4095,4095,0,0,0,0,0,0,0
1746049950746,4095,4095,4095,4095,4095,0,0,0,0,0,0,0
1746049950763,4095,4095,4095,4095,4095,0,0,0,0,0,0,0
1746049950779,4095,4095,4095,4095,4095,0,0,0,0,0,0,0
1746049950779,4095,4095,4095,4095,4095,0,0,0,0,0,0,0
1746049950796,4095,4095,4095,4095,4095,0,0,0,0,0,0,0
1746049950813,4095,4095,4095,4095,4095,0,0,0,0,0,0,0
1746049950813,4095,4095,4095,4095,4095,0,0,0,0,0,0,0
1746049950830,4095,4095,4095,4095,4095,0,0,0,0,0,0,0
1746049950846,4095,4095,4095,4095,4095,0,0,0,0,0,0,0
1746049950846,4095,4095,4095,4095,4095,0,0,0,0,0,0,0
1746049950863,4095,4095,4095,4095,4095,0,0,0,0,0,0,0
1746049950879,4095,4095,4095,4095,4095,0,0,0,0,0,0,0
1746049950879,4095,4095,4095,4095,4095,0,0,0,0,0,0,0
1746049950897,4095,4095,4095,4095,4095,0,0,0,0,0,0,0
1746049950913,4095,4095,4095,4095,4095,0,0,0,0,0,0,0
1746049950913,4095,4095,4095,4095,4095,0,0,0,0,0,0,0
1746049950929,4095,4095,4095,4095,4095,0,0,0,0,0,0,0
1746049950946,4095,4095,4095,4095,4095,0,0,0,0,0,0,0
1746049950946,4095,4095,4095,4095,4095,0,0,0,0,0,0,0
1746049950962,4095,4095,4095,4095,4095,0,0,0,0,0,0,0
1746049950979,4095,4095,4095,4095,4095,0,0,0,0,0,0,0
1746049950979,4095,4095,4095,4095,4095,0,0,0,0,0,0,0
1746049950996,4095,4095,4095,4095,4095,0,0,0,0,0,0,0
1746049951013,4095,4095,4095,4095,4095,0,0,0,0,0,0,0
1746049951013,4095,4095,4095,4095,4095,0,0,0,0,0,0,0
1746049951029,4095,4095,4095,4095,4095,0,0,0,0,0,0,0
1746049951046,4095,4095,4095,4095,4095,0,0,0,0,0,0,0
1746049951046,4095,4095,4095,4095,4095,0,0,0,0,0,0,0
1746049951062,4095,4095,4095,4095,4095,0,0,0,0,0,0,0
1746049951079,4095,4095,4095,4095,4095,0,0,0,0,0,0,0
1746049951079,4095,4095,4095,4095,4095,0,0,0,0,0,0,0
1746049951096,4095,4095,4095,4095,4095,0,0,0,0,0,0,0
1746049951113,4095,4095,4095,4095,4095,0,0,0,0,0,0,0
1746049951113,4095,4095,4095,4095,4095,0,0,0,0,0,0,0
1746049951129,4095,4095,4095,4095,4095,0,0,0,0,0,0,0
1746049951145,4095,4095,4095,4095,4095,0,0,0,0,0,0,0
1746049951145,4095,4095,4095,4095,4095,0,0,0,0,0,0,0
1746049951163,4095,4095,4095,4095,4095,0,0,0,0,0,0,0
1746049951179,4095,4095,4095,4095,4095,0,0,0,0,0,0,0
1746049951179,4095,4095,4095,4095,4095,0,0,0,0,0,0,0
1746049951196,4095,4095,4095,4095,4095,0,0,0,0,0,0,0
1746049951196,4095,4095,4095,4095,4095,0,0,0,0,0,0,0
1746049951213,4095,4095,4095,4095,4095,0,0,0,0,0,0,0
1746049951229,4095,4095,4095,4095,4095,0,0,0,0,0,0,0
1746049951229,4095,4095,4095,4095,4095,0,0,0,0,0,0,0
1746049951245,4095,4095,4095,4095,4095,0,0,0,0,0,0,0
1746049951263,4095,4095,4095,4095,4095,0,0,0,0,0,0,0
1746049951263,4095,4095,4095,4095,4095,0,0,0,0,0,0,0
1746049951279,4095,4095,4095,4095,4095,0,0,0,0,0,0,0
1746049951296,4095,4095,4095,4095,4095,0,0,0,0,0,0,0
1746049951296,4095,4095,4095,4095,4095,0,0,0,0,0,0,0
1746049951312,4095,4095,4095,4095,4095,0,0,0,0,0,0,0
1746049951329,4095,4095,4095,4095,4095,0,0,0,0,0,0,0
1746049951329,4095,4095,4095,4095,4095,0,0,0,0,0,0,0
1746049951346,4095,4095,4095,4095,4095,0,0,0,0,0,0,0
1746049951363,4095,4095,4095,4095,4095,0,0,0,0,0,0,0
1746049951363,4095,4095,4095,4095,4095,0,0,0,0,0,0,0
1746049951379,4095,4095,4095,4095,4095,0,0,0,0,0,0,0
1746049951396,4095,4095,4095,4095,4095,0,0,0,0,0,0,0
1746049951396,4095,4095,4095,4095,4095,0,0,0,0,0,0,0
1746049951412,4095,4095,4095,4095,4095,0,0,0,0,0,0,0
1746049951429,4095,4095,4095,4095,4095,0,0,0,0,0,0,0
1746049951429,4095,4095,4095,4095,4095,0,0,0,0,0,0,0
1746049951446,4095,4095,4095,4095,4095,0,0,0,0,0,0,0
1746049951463,4095,4095,4095,4095,4095,0,0,0,0,0,0,0
1746049951463,4095,4095,4095,4095,4095,0,0,0,0,0,0,0
1746049951479,4095,4095,4095,4095,4095,0,0,0,0,0,0,0
1746049951497,4095,4095,4095,4095,4095,0,0,0,0,0,0,0
1746049951497,4095,4095,4095,4095,4095,0,0,0,0,0,0,0
1746049951514,4095,4095,4095,4095,4095,0,0,0,0,0,0,0
1746049951529,4095,4095,4095,4095,4095,0,0,0,0,0,0,0
1746049951529,4095,4095,4095,4095,4095,0,0,0,0,0,0,0
1746049951546,4095,4095,4095,4095,4095,0,0,0,0,0,0,0
1746049951563,4095,4095,4095,4095,4095,0,0,0,0,0,0,0
1746049951563,4095,4095,4095,4095,4095,0,0,0,0,0,0,0
1746049951580,4095,4095,4095,4095,4095,0,0,0,0,0,0,0
1746049951595,4095,4095,4095,4095,4095,0,0,0,0,0,0,0
1746049951595,4095,4095,4095,4095,4095,0,0,0,0,0,0,0
1746049951613,4095,4095,4095,4095,4095,0,0,0,0,0,0,0
1746049951630,4095,4095,4095,4095,4095,0,0,0,0,0,0,0
1746049951630,4095,4095,4095,4095,4095,0,0,0,0,0,0,0
1746049951646,4095,4095,4095,4095,4095,0,0,0,0,0,0,0
1746049951663,4095,4095,4095,4095,4095,0,0,0,0,0,0,0
1746049951663,4095,4095,4095,4095,4095,0,0,0,0,0,0,0
1746049951679,4095,4095,4095,4095,4095,0,0,0,0,0,0,0
1746049951696,4095,4095,4095,4095,4095,0,0,0,0,0,0,0
1746049951696,4095,4095,4095,4095,4095,0,0,0,0,0,0,0
1746049951712,4095,4095,4095,4095,4095,0,0,0,0,0,0,0
1746049951729,4095,4095,4095,4095,4095,0,0,0,0,0,0,0
1746049951729,4095,4095,4095,4095,4095,0,0,0,0,0,0,0
1746049951746,4095,4095,4095,4095,4095,0,0,0,0,0,0,0
1746049951746,4095,4095,4095,4095,4095,0,0,0,0,0,0,0
1746049951762,4095,4095,4095,4095,4095,0,0,0,0,0,0,0
1746049951780,4095,4095,4095,4095,4095,0,0,0,0,0,0,0
1746049951780,4095,4095,4095,4095,4095,0,0,0,0,0,0,0
1746049951796,4095,4095,4095,4095,4095,0,0,0,0,0,0,0
1746049951813,4095,4095,4095,4095,4095,0,0,0,0,0,0,0
1746049951813,4095,4095,4095,4095,4095,0,0,0,0,0,0,0
1746049951830,4095,4095,4095,4095,4095,0,0,0,0,0,0,0
1746049951846,4095,4095,4095,4095,4095,0,0,0,0,0,0,0
1746049951846,4095,4095,4095,4095,4095,0,0,0,0,0,0,0
1746049951864,4095,4095,4095,4095,4095,0,0,0,0,0,0,0
1746049951880,4095,4095,4095,4095,4095,0,0,0,0,0,0,0
1746049951880,4095,4095,4095,4095,4095,0,0,0,0,0,0,0
1746049951896,4095,4095,4095,4095,4095,0,0,0,0,0,0,0
1746049951913,4095,4095,4095,4095,4095,0,0,0,0,0,0,0
1746049951913,4095,4095,4095,4095,4095,0,0,0,0,0,0,0
1746049951930,4095,4095,4095,4095,4095,0,0,0,0,0,0,0
1746049951946,4095,4095,4095,4095,4095,0,0,0,0,0,0,0
1746049951946,4095,4095,4095,4095,4095,0,0,0,0,0,0,0
1746049951963,4095,4095,4095,4095,4095,0,0,0,0,0,0,0
1746049951979,4095,4095,4095,4095,4095,0,0,0,0,0,0,0
1746049951979,4095,4095,4095,4095,4095,0,0,0,0,0,0,0
1746049951995,4095,4095,4095,4095,4095,0,0,0,0,0,0,0
1746049952013,4095,4095,4095,4095,4095,0,0,0,0,0,0,0
1746049952013,4095,4095,4095,4095,4095,0,0,0,0,0,0,0
1746049952029,4095,4095,4095,4095,4095,0,0,0,0,0,0,0
1746049952047,4095,4095,4095,4095,4095,0,0,0,0,0,0,0
1746049952047,4095,4095,4095,4095,4095,0,0,0,0,0,0,0
1746049952062,4095,4095,4095,4095,4095,0,0,0,0,0,0,0
1746049952079,4095,4095,4095,4095,4095,0,0,0,0,0,0,0
1746049952079,4095,4095,4095,4095,4095,0,0,0,0,0,0,0
1746049952095,4095,4095,4095,4095,4095,0,0,0,0,0,0,0
1746049952113,4095,4095,4095,4095,4095,0,0,0,0,0,0,0
1746049952113,4095,4095,4095,4095,4095,0,0,0,0,0,0,0
1746049952130,4095,4095,4095,4095,4095,0,0,0,0,0,0,0
1746049952146,4095,4095,4095,4095,4095,0,0,0,0,0,0,0
1746049952146,4095,4095,4095,4095,4095,0,0,0,0,0,0,0
1746049952162,4095,4095,4095,4095,4095,0,0,0,0,0,0,0
1746049952179,4095,4095,4095,4095,4095,0,0,0,0,0,0,0
1746049952179,4095,4095,4095,4095,4095,0,0,0,0,0,0,0
1746049952196,4095,4095,4095,4095,4095,0,0,0,0,0,0,0
1746049952213,4095,4095,4095,4095,4095,0,0,0,0,0,0,0
1746049952213,4095,4095,4095,4095,4095,0,0,0,0,0,0,0
1746049952230,4095,4095,4095,4095,4095,0,0,0,0,0,0,0
1746049952230,4095,4095,4095,4095,4095,0,0,0,0,0,0,0
1746049952246,4095,4095,4095,4095,4095,0,0,0,0,0,0,0
1746049952263,4095,4095,4095,4095,4095,0,0,0,0,0,0,0
1746049952263,4095,4095,4095,4095,4095,0,0,0,0,0,0,0
1746049952279,4095,4095,4095,4095,4095,0,0,0,0,0,0,0
1746049952296,4095,4095,4095,4095,4095,0,0,0,0,0,0,0
1746049952296,4095,4095,4095,4095,4095,0,0,0,0,0,0,0
1746049952312,4095,4095,4095,4095,4095,0,0,0,0,0,0,0
1746049952330,4095,4095,4095,4095,4095,0,0,0,0,0,0,0
1746049952330,4095,4095,4095,4095,4095,0,0,0,0,0,0,0
1746049952346,4095,4095,4095,4095,4095,0,0,0,0,0,0,0
1746049952363,4095,4095,4095,4095,4095,0,0,0,0,0,0,0
1746049952363,4095,4095,4095,4095,4095,0,0,0,0,0,0,0
1746049952379,4095,4095,4095,4095,4095,0,0,0,0,0,0,0
1746049952396,4095,4095,4095,4095,4095,0,0,0,0,0,0,0
1746049952396,4095,4095,4095,4095,4095,0,0,0,0,0,0,0
1746049952413,4095,4095,4095,4095,4095,0,0,0,0,0,0,0
1746049952430,4095,4095,4095,4095,4095,0,0,0,0,0,0,0
1746049952430,4095,4095,4095,4095,4095,0,0,0,0,0,0,0
1746049952446,4095,4095,4095,4095,4095,0,0,0,0,0,0,0
1746049952462,4095,4095,4095,4095,4095,0,0,0,0,0,0,0
1746049952462,4095,4095,4095,4095,4095,0,0,0,0,0,0,0
1746049952479,4095,4095,4095,4095,4095,0,0,0,0,0,0,0
1746049952497,4095,4095,4095,4095,4095,0,0,0,0,0,0,0
1746049952497,4095,4095,4095,4095,4095,0,0,0,0,0,0,0
1746049952514,4095,4095,4095,4095,4095,0,0,0,0,0,0,0
1746049952530,4095,4095,4095,4095,4095,0,0,0,0,0,0,0
1746049952530,4095,4095,4095,4095,4095,0,0,0,0,0,0,0
1746049952546,4095,4095,4095,4095,4095,0,0,0,0,0,0,0
1746049952563,4095,4095,4095,4095,4095,0,0,0,0,0,0,0
1746049952563,4095,4095,4095,4095,4095,0,0,0,0,0,0,0
1746049952579,4095,4095,4095,4095,4095,0,0,0,0,0,0,0
1746049952597,4095,4095,4095,4095,4095,0,0,0,0,0,0,0
1746049952597,4095,4095,40