8.26,-6.20,-0.58,-0.07,-0.05,-0.01
8.19,-6.25,-0.55,-0.06,-0.05,-0.02
8.14,-6.32,-0.54,-0.03,-0.07,-0.03
8.16,-6.33,-0.47,-0.03,-0.05,-0.02
8.18,-6.30,-0.52,-0.03,-0.03,-0.02
8.22,-6.29,-0.57,-0.05,-0.02,-0.02
8.23,-6.26,-0.62,-0.05,-0.03,-0.02
8.21,-6.30,-0.63,-0.04,-0.06,-0.02
8.22,-6.27,-0.52,-0.04,-0.06,-0.02
8.22,-6.21,-0.45,-0.06,-0.03,-0.02
8.23,-6.19,-0.45,-0.08,-0.00,-0.02
8.25,-6.20,-0.48,-0.07,-0.01,-0.03
8.20,-6.22,-0.44,-0.05,-0.03,-0.04
8.21,-6.28,-0.43,-0.04,-0.03,-0.04
8.19,-6.30,-0.46,-0.04,-0.02,-0.04
8.19,-6.30,-0.48,-0.05,-0.00,-0.04
8.18,-6.30,-0.50,-0.06,-0.00,-0.04
8.18,-6.28,-0.53,-0.05,-0.01,-0.05
8.19,-6.28,-0.53,-0.06,-0.02,-0.05
8.19,-6.25,-0.49,-0.07,-0.01,-0.05
8.18,-6.29,-0.49,-0.08,-0.00,-0.06
8.16,-6.32,-0.47,-0.08,0.00,-0.06
8.18,-6.34,-0.45,-0.08,0.01,-0.06
8.19,-6.32,-0.44,-0.09,0.01,-0.06
8.22,-6.27,-0.40,-0.09,0.03,-0.05
8.20,-6.28,-0.45,-0.10,0.03,-0.06
8.18,-6.28,-0.46,-0.10,0.03,-0.06
8.16,-6.29,-0.46,-0.09,0.02,-0.07
8.15,-6.28,-0.43,-0.09,0.02,-0.07
8.19,-6.27,-0.45,-0.09,0.04,-0.07
8.26,-6.28,-0.53,-0.11,0.05,-0.07
8.25,-6.33,-0.53,-0.11,0.04,-0.07
8.21,-6.34,-0.55,-0.10,0.01,-0.08
8.16,-6.31,-0.45,-0.09,-0.00,-0.08
8.13,-6.32,-0.42,-0.11,0.03,-0.08
8.20,-6.28,-0.44,-0.11,0.05,-0.07
8.21,-6.24,-0.48,-0.11,0.04,-0.06
8.25,-6.19,-0.51,-0.09,0.02,-0.06
8.23,-6.15,-0.51,-0.08,0.02,-0.06
8.29,-6.14,-0.52,-0.09,0.03,-0.07
8.33,-6.15,-0.49,-0.11,0.04,-0.07
8.31,-6.18,-0.56,-0.13,0.04,-0.09
8.24,-6.20,-0.51,-0.12,0.00,-0.10
8.16,-6.17,-0.43,-0.10,-0.02,-0.10
8.09,-6.10,-0.34,-0.08,-0.03,-0.10
8.12,-6.03,-0.27,-0.08,-0.01,-0.10
8.19,-6.04,-0.33,-0.13,0.04,-0.10
8.25,-6.10,-0.39,-0.23,0.07,-0.16
8.27,-6.30,-0.30,-0.20,0.01,-0.15
8.12,-6.43,-0.37,-0.27,-0.02,-0.23
8.09,-6.40,-0.27,-0.24,-0.02,-0.23
7.96,-6.50,-0.20,-0.23,0.01,-0.20
7.99,-6.49,-0.20,-0.26,0.04,-0.18
8.00,-6.59,-0.25,-0.31,0.07,-0.16
7.96,-6.61,-0.25,-0.38,0.08,-0.14
8.00,-6.58,-0.33,-0.54,0.11,-0.17
8.14,-6.57,-0.50,-0.70,0.13,-0.27
7.95,-6.73,-0.53,-0.69,-0.05,-0.25
7.84,-6.65,-0.33,-0.62,-0.14,-0.23
7.84,-6.74,-0.31,-0.59,-0.09,-0.21
7.82,-6.89,-0.48,-0.76,-0.03,-0.20
7.62,-7.08,-0.54,-0.84,-0.08,-0.23
7.77,-7.01,0.16,-0.95,-0.26,-0.13
7.66,-7.17,-0.32,-0.87,0.27,-0.19
7.58,-7.25,-0.26,-0.95,0.42,-0.19
7.53,-7.21,-0.11,-1.03,0.52,-0.19
7.53,-7.07,-0.23,-1.12,0.63,-0.17
7.64,-6.78,-0.48,-1.18,0.74,-0.12
7.92,-6.54,-0.63,-1.09,0.75,-0.10
8.20,-6.39,-0.73,-1.04,0.73,-0.11
8.41,-6.46,-0.85,-1.09,0.75,-0.18
8.51,-6.62,-0.96,-1.17,0.75,-0.23
8.37,-6.66,-0.76,-1.13,0.64,-0.24
8.13,-6.68,-0.41,-1.08,0.52,-0.27
7.94,-6.72,0.08,-1.09,0.48,-0.28
7.80,-6.76,0.30,-1.08,0.46,-0.25
7.81,-6.63,0.40,-1.05,0.47,-0.19
7.97,-6.36,0.48,-1.04,0.49,-0.16
8.24,-6.29,0.34,-1.07,0.52,-0.13
8.44,-6.39,-0.10,-1.09,0.52,-0.13
8.47,-6.48,-0.61,-1.10,0.45,-0.13
8.40,-6.52,-1.03,-1.07,0.31,-0.13
8.35,-6.61,-1.43,-1.02,0.17,-0.13
8.22,-6.82,-1.43,-1.02,0.07,-0.12
8.15,-7.08,-1.44,-1.08,0.00,-0.10
8.07,-7.23,-1.53,-1.19,-0.01,-0.06
7.96,-7.61,-1.69,-1.41,0.03,-0.03
8.02,-8.33,-2.05,-1.73,0.13,-0.02
8.21,-8.91,-2.57,-2.19,0.28,-0.03
7.99,-9.42,-2.95,-2.54,0.33,0.00
7.68,-9.22,-3.11,-2.68,0.32,0.09
6.91,-8.42,-3.12,-2.69,0.22,0.22
6.89,-7.91,-3.54,-2.81,0.09,0.39
7.20,-7.66,-3.89,-2.57,-0.15,0.68
6.89,-7.90,-4.01,-2.01,-0.59,0.49
9.67,-7.38,-3.46,-1.35,-0.54,-0.21
9.84,-6.27,-3.22,-0.76,-0.66,0.71
9.67,-6.11,-3.17,-0.72,-0.17,0.34
9.67,-5.64,-2.90,-0.86,0.20,0.69
8.16,-6.35,-2.65,-1.02,0.47,0.96
7.39,-7.04,-2.04,-1.05,0.61,0.90
7.62,-7.06,-1.63,-0.94,0.80,1.01
7.12,-7.33,-0.62,-0.72,0.89,1.16
7.10,-7.57,-0.69,-0.59,1.02,1.07
7.13,-6.67,-0.97,-1.24,1.51,1.35
8.19,-5.95,-1.80,-1.83,1.80,1.49
8.79,-5.30,-2.20,-2.35,2.09,1.51
8.91,-5.12,-2.42,-2.44,2.14,1.46
9.26,-5.21,-2.87,-2.30,2.03,1.19
8.99,-5.05,-3.71,-2.01,1.85,1.16
7.91,-5.05,-3.74,-1.73,1.76,1.36
7.36,-5.24,-3.39,-1.60,1.72,1.26
7.15,-5.11,-3.62,-1.55,1.69,1.12
7.31,-4.57,-3.51,-1.37,1.63,1.01
7.09,-4.17,-3.17,-1.10,1.53,0.89
6.72,-3.96,-2.91,-0.83,1.41,0.73
6.01,-3.92,-2.98,-0.53,1.27,0.63
5.86,-3.96,-4.05,-0.73,1.38,0.43
5.94,-4.25,-3.89,-0.43,1.31,0.26
6.00,-4.47,-3.70,-0.31,1.27,0.10
5.88,-4.65,-3.79,-0.31,1.27,-0.02
5.81,-4.99,-4.00,-0.36,1.31,-0.15
5.91,-5.37,-4.20,-0.32,1.34,-0.30
6.18,-5.83,-4.22,-0.20,1.31,-0.48
6.47,-6.51,-4.07,-0.06,1.19,-0.66
6.83,-7.34,-4.13,0.06,0.96,-0.79
7.06,-8.30,-4.58,-0.01,1.05,-0.86
7.51,-9.55,-5.23,-0.10,0.91,-0.90
7.95,-11.45,-6.22,-0.49,0.61,-0.76
8.54,-13.03,-6.69,-0.96,0.79,-0.69
8.54,-12.74,-6.97,-0.96,0.77,-0.08
7.08,-10.58,-6.45,-0.49,0.42,0.32
7.32,-9.40,-5.39,-0.12,0.21,0.38
10.86,-10.65,-1.63,0.58,-0.22,-0.54
13.58,-9.09,-1.72,1.12,-0.50,-1.25
16.08,-6.32,-0.18,1.11,-0.39,-1.91
13.58,-3.46,1.70,1.43,0.37,-1.13
12.16,-1.50,-3.73,0.81,1.50,-1.05
6.97,0.41,-1.31,1.62,-0.23,1.20
5.62,0.27,0.17,1.86,1.06,0.72
3.40,-1.03,-0.35,1.56,0.76,-0.96
2.47,-2.01,0.22,1.33,1.70,-1.59
0.20,-2.74,-2.00,2.05,1.53,-2.33
3.68,-0.66,-0.02,3.88,-3.14,-3.74
4.89,1.89,4.80,3.19,0.38,-7.66
28.20,-22.93,6.19,3.12,1.06,-8.73
27.15,4.66,7.26,0.71,-1.22,-4.18
17.83,8.77,2.67,-1.24,-2.62,-2.47
8.58,-3.29,1.31,-1.33,1.40,-0.69
4.58,-6.52,1.24,-0.52,1.00,-1.48
3.85,-1.03,-1.39,-0.80,0.07,-1.28
6.90,-3.76,1.64,0.28,1.87,-4.05
11.04,-4.68,1.32,0.26,1.43,-4.00
13.43,-3.59,1.11,0.29,1.69,-2.77
14.28,-2.29,1.95,0.84,0.47,-1.90
11.80,-1.45,1.95,0.68,0.35,-0.34
9.67,-1.58,1.86,0.72,0.57,-0.03
9.44,-1.07,1.85,0.55,0.58,0.00
9.32,-0.85,1.60,0.01,0.67,-0.13
9.24,-0.40,1.43,-0.16,0.85,-0.18
10.53,0.19,1.41,-0.01,0.90,-0.19
10.00,0.32,1.42,0.27,0.81,-0.21
9.79,0.86,2.05,0.38,0.65,-0.23
9.38,0.86,2.24,0.31,0.92,-0.08
8.97,1.42,2.36,0.11,0.86,-0.33
8.60,1.02,2.51,0.04,0.93,-0.81
10.02,1.03,1.76,-0.15,0.63,-1.14
11.35,0.97,1.30,0.13,0.34,-1.19
11.03,1.01,0.87,0.46,0.61,-0.48
10.23,2.32,1.54,-0.69,-0.82,-0.69
10.66,0.35,-5.01,-0.19,-0.05,-0.78
11.10,-1.18,0.51,1.90,0.51,-0.58
9.87,-1.07,1.83,1.76,0.90,-0.70
9.48,-0.91,2.43,1.45,0.51,-0.83
10.48,-1.06,3.03,1.09,0.36,-1.00
10.66,-1.28,2.70,0.78,-0.60,-0.77
10.79,-1.33,2.18,0.45,-0.24,-0.54
10.36,-1.47,1.90,0.37,-0.18,-0.47
10.39,-1.71,2.23,0.46,-0.01,-0.41
10.66,-2.03,2.86,0.37,0.01,-0.36
10.62,-2.03,2.97,0.19,-0.23,-0.29
11.43,-2.87,2.36,-0.17,-0.38,-0.40
11.28,-2.83,2.02,-0.49,-1.13,-0.51
11.56,-3.41,1.64,-1.01,-1.91,-0.46
18.26,-1.88,0.99,-2.30,-1.78,0.10
13.70,-2.77,-0.64,-2.65,-1.50,1.01
12.00,-0.11,-1.66,-2.82,-1.74,1.19
11.39,1.23,-4.11,-2.85,-2.34,1.26
11.84,2.90,-5.36,-2.40,-2.82,1.13
13.35,3.91,-4.40,-0.90,-2.75,0.93
14.00,5.60,-2.77,0.84,-2.49,1.10
12.99,6.19,-1.31,2.67,-2.18,1.28
11.19,4.76,-0.01,3.58,-1.46,1.67
10.22,2.90,0.90,3.32,0.47,1.56
8.89,3.31,4.77,0.96,-0.01,1.02
10.56,-2.07,2.33,-1.11,-0.97,0.44
12.16,-2.22,-1.14,-1.14,-2.07,0.47
12.66,-1.61,-1.16,-0.29,-1.77,0.84
13.13,-1.70,-0.17,-0.16,-1.09,1.11
12.78,-2.06,1.55,-0.65,-0.69,1.29
12.24,-1.31,0.49,-1.18,-0.65,1.44
10.75,-0.91,0.72,-1.60,-0.70,1.55
9.39,0.07,0.89,-2.12,-0.77,1.52
9.12,1.61,-0.53,-2.19,-0.73,1.48
8.53,2.76,-2.34,-1.72,-0.57,1.38
8.09,3.33,-3.07,-1.23,-0.18,1.18
7.94,2.85,-2.82,-0.87,0.01,1.07
7.72,2.26,-2.36,-0.65,0.05,0.92
7.02,1.62,-2.12,-0.51,0.13,0.81
6.34,1.22,-2.04,-0.40,0.30,0.66
5.60,1.01,-1.94,-0.25,0.48,0.51
5.40,0.88,-2.01,-0.23,0.64,0.34
5.43,0.72,-1.95,-0.18,0.74,0.08
5.53,0.56,-1.56,-0.25,0.77,-0.19
5.79,0.25,-1.42,-0.38,0.78,-0.46
6.12,-0.08,-1.34,-0.46,0.81,-0.68
6.58,-0.61,-1.47,-0.55,0.87,-0.90
7.40,-1.22,-1.99,-0.59,0.97,-1.10
8.54,-2.11,-2.43,-0.67,1.06,-1.23
10.30,-3.53,-3.06,-0.80,1.06,-1.22
13.08,-5.15,-3.68,-1.09,1.14,-1.25
16.46,-7.41,-5.73,-1.62,0.87,-1.07
18.70,-9.14,-8.04,-2.05,0.21,-0.60
19.26,-9.55,-7.64,-2.03,-0.30,0.06
16.11,-7.28,-6.36,-1.80,-0.40,0.58
12.32,-4.59,-5.76,-1.38,-0.46,0.71
9.80,-1.88,-4.62,-1.08,-0.94,0.55
8.70,2.42,-3.93,-1.02,-0.31,0.30
9.22,3.43,-3.82,-1.19,2.58,0.03
14.30,8.29,-2.44,0.36,-0.06,-1.44
26.39,10.13,-4.63,-0.60,0.99,-3.58
25.85,-0.00,-5.18,0.81,-2.02,-1.06
13.77,-3.80,2.94,1.49,-0.86,0.45
4.76,-0.53,5.57,1.87,0.61,0.89
2.43,2.46,4.71,4.24,1.16,3.33
-1.71,3.31,-0.62,1.69,5.86,2.17
4.11,4.30,-1.77,1.82,3.57,0.28
8.66,4.64,1.00,3.05,1.73,0.37
9.24,5.31,0.66,3.49,0.72,-0.30
13.21,5.10,2.66,3.00,1.07,-1.60
11.26,3.18,1.68,2.16,0.57,-1.26
10.98,3.32,2.08,1.78,0.94,-0.85
9.86,2.44,3.17,1.48,0.82,-0.66
9.20,1.47,3.02,1.15,0.21,-1.13
8.76,1.48,2.99,0.23,0.74,-0.80
8.53,-0.34,2.51,-0.08,0.20,-0.75
9.76,0.21,2.38,-0.64,-1.47,-0.53
9.09,1.29,3.00,0.25,-0.84,-1.01
10.33,0.28,2.56,0.07,0.22,-0.97
10.14,-0.08,2.31,0.80,0.33,-0.82
9.90,-0.14,2.27,1.20,0.46,-0.53
9.51,-0.78,1.67,1.51,0.65,-0.25
9.31,-0.98,1.77,2.06,0.37,-0.11
9.36,-1.24,1.55,2.54,0.25,0.13
9.74,-0.60,2.34,3.06,0.80,0.33
10.26,0.36,2.25,3.46,0.79,0.55
10.39,0.93,2.71,3.60,1.00,0.68
10.53,1.23,3.13,3.43,1.03,0.66
10.76,1.64,3.30,3.04,0.83,0.50
10.62,1.72,3.09,2.88,0.81,0.45
10.32,1.82,2.60,2.78,0.66,0.45
10.04,1.87,1.91,2.71,0.80,0.35
10.00,2.24,4.99,2.42,0.87,0.19
10.47,2.19,3.95,1.91,1.25,0.15
10.46,2.04,3.55,1.42,0.75,-0.05
9.93,1.92,2.80,1.21,0.66,-0.17
9.62,0.70,0.85,0.79,0.51,-0.03
8.24,-0.10,-0.36,1.54,1.88,0.44
12.49,2.04,-0.69,2.58,0.90,-0.44
10.96,1.31,5.74,3.73,0.21,0.46
10.17,1.41,5.55,2.55,-0.36,0.36
8.79,0.90,5.18,2.64,-0.54,0.49
7.62,0.06,4.97,2.87,-0.57,0.54
7.25,-0.67,5.17,2.94,-0.57,0.44
7.20,-1.13,5.67,2.83,-0.66,0.37
7.26,-2.01,6.26,2.31,-0.60,0.24
7.45,-2.55,5.65,1.48,-0.59,0.07
8.90,-2.10,3.57,0.12,-0.69,0.19
10.43,-0.94,1.01,-1.77,-0.47,0.44
10.13,-1.98,-1.82,-2.11,-1.00,0.26
11.25,0.16,-1.49,-1.46,-2.06,0.78
12.54,2.63,-0.10,-0.44,-1.66,0.32
14.04,1.64,1.57,0.74,-2.83,-0.00
15.76,4.65,2.03,0.94,-1.72,0.47
21.73,9.39,2.38,1.78,-1.31,0.81
15.98,13.78,-0.11,2.46,-0.58,0.95
13.67,13.81,-2.76,2.91,-0.33,0.64
11.91,6.36,-3.27,3.62,-0.26,1.12
10.77,4.81,-1.72,5.12,-0.50,1.45
9.36,5.28,-0.38,5.66,-0.37,1.41
7.96,5.18,0.50,5.37,0.22,1.07
6.09,4.63,0.55,4.53,0.22,1.21
4.68,3.31,0.42,3.32,-0.25,0.58
4.68,2.94,-0.43,2.22,-0.30,0.25
5.21,2.28,-1.25,1.70,-0.76,-0.11
5.76,2.07,-1.00,1.93,-0.04,-0.17
6.66,2.32,-0.37,2.95,-0.03,-0.10
6.79,1.58,2.05,4.04,-0.33,-0.01
7.81,1.64,3.51,4.01,-0.44,-0.21
8.63,1.20,2.37,3.43,1.09,-0.21
9.44,1.89,2.88,3.09,2.33,-0.35
11.69,2.18,2.32,2.66,2.77,-0.52
10.93,0.80,2.50,1.76,1.31,-0.33
12.50,-0.67,-0.42,0.94,0.88,-0.35
16.04,-2.97,-10.07,1.42,3.07,-0.05
14.30,-1.11,-2.72,3.06,1.13,0.50
12.09,0.10,-0.35,3.94,-0.15,1.04
11.80,0.44,-1.24,3.35,0.89,0.85
11.51,1.15,-0.77,2.62,0.85,0.61
11.19,1.15,-1.27,1.93,0.20,0.40
11.27,1.15,-2.25,1.40,0.03,0.24
11.60,1.66,-3.11,1.39,-0.12,0.31
11.29,2.05,-2.28,1.82,-0.35,0.55
10.63,2.49,-1.46,1.84,-0.75,0.53
10.46,2.58,-0.79,1.64,-1.13,0.36
10.49,2.31,-0.48,1.52,-1.33,0.26
10.40,2.27,-0.62,1.49,-1.08,0.05
10.14,2.55,-0.73,0.96,-0.86,0.04
10.17,1.94,-0.34,0.79,-0.58,-0.16
10.36,1.28,-0.42,0.79,-0.86,-0.39
10.28,0.52,-0.18,1.00,-0.72,-0.46
10.08,0.19,-0.04,1.06,-0.72,-0.43
9.86,-0.23,-0.39,1.11,-0.53,-0.42
9.31,-0.24,-0.59,1.27,-0.45,-0.34
8.80,-0.18,-0.67,1.26,-0.33,-0.23
8.66,-0.24,-1.03,1.21,-0.18,-0.17
8.81,-0.33,-1.40,1.22,0.09,-0.13
8.73,-0.34,-1.58,1.25,0.29,-0.10
8.79,-0.57,-1.84,1.24,0.50,-0.12
8.89,-0.80,-2.22,1.28,0.56,-0.13
9.19,-1.41,-2.99,2.06,0.22,-0.10
10.70,-1.51,-4.65,2.57,-0.08,0.08
11.46,-0.97,-5.66,2.38,-0.45,0.33
10.80,-0.42,-4.30,1.24,0.23,0.51
10.00,0.51,-3.52,0.93,-0.06,0.58
8.43,1.62,-3.06,0.63,-0.17,0.19
9.62,1.72,-3.26,-0.44,0.12,-0.00
8.31,-0.04,-4.75,-0.96,0.24,-0.10
8.46,-1.31,-5.67,-0.79,0.41,-0.29
10.41,-2.04,-5.98,0.03,0.29,-0.44
10.81,-2.98,-5.97,0.17,0.09,-0.11
9.39,-4.06,-3.52,0.06,-4.32,-0.24
7.49,-3.97,-5.91,-0.56,-0.53,-0.30
7.83,-3.06,-5.09,-0.89,-0.30,-0.32
9.43,-0.64,-3.23,-1.17,0.60,-0.47
14.46,1.49,-3.20,-0.89,2.03,-1.19
22.90,3.31,-3.15,0.37,0.83,-0.85
28.32,8.26,-2.25,1.34,1.17,-0.97
21.72,8.15,-3.10,2.07,0.78,1.27
12.13,6.37,-4.78,1.99,1.05,1.98
8.94,6.50,-3.22,2.27,1.37,1.84
6.45,4.67,0.47,3.48,0.43,1.10
4.61,3.32,1.05,2.99,1.22,0.80
4.05,4.05,2.38,2.57,0.39,1.11
5.79,3.33,2.30,2.32,-0.17,1.07
8.26,4.37,2.65,2.87,-0.13,1.11
9.06,4.62,4.16,3.17,0.35,0.76
8.66,3.87,3.59,3.32,1.17,0.36
7.27,1.74,3.64,3.26,2.16,-0.09
9.36,0.91,5.20,2.18,-0.03,-0.43
10.47,1.73,3.25,1.81,0.66,-0.74
6.28,1.03,2.99,0.52,-2.06,-0.42
6.05,0.90,4.43,1.27,2.02,-2.84
13.60,-1.40,1.80,1.11,0.22,-2.58
16.11,-1.15,0.80,-0.05,0.81,-1.64
9.45,-1.68,-1.36,-0.21,1.55,0.40
10.98,-1.01,-1.76,1.16,1.72,-0.05
11.66,-0.28,-0.59,1.81,1.64,0.13
11.60,0.57,-0.04,2.50,1.67,0.28
11.28,0.85,0.52,2.80,1.52,0.41
10.61,1.18,0.08,2.63,1.22,0.45
9.93,1.73,0.36,2.39,1.72,0.37
8.94,1.25,3.16,1.17,0.92,0.33
10.02,0.58,1.00,0.58,0.66,-0.03
10.35,0.21,0.71,0.68,0.40,-0.04
10.36,0.06,0.97,0.74,0.36,-0.01
10.45,0.31,0.98,0.77,0.30,0.04
10.23,0.56,1.42,1.04,0.65,0.06
10.16,0.66,2.19,1.00,0.80,0.07
10.04,0.43,2.69,0.57,0.60,0.07
9.73,0.47,1.52,0.47,0.55,0.07
9.57,0.76,1.32,0.71,0.73,0.03
9.78,0.74,0.98,0.28,0.44,0.03
9.72,0.31,0.28,0.68,-0.53,0.28
8.88,1.30,0.52,0.71,-0.14,0.27
9.23,0.73,-0.76,1.00,-0.14,-0.11
9.55,-0.57,-0.92,1.28,0.32,-0.23
10.14,-1.07,-0.28,1.52,0.67,-0.21
10.19,-1.02,0.28,1.22,0.74,-0.24
10.84,-0.54,0.49,1.06,0.52,-0.30
11.28,-0.21,0.38,0.74,0.32,-0.29
11.11,0.55,0.46,0.49,0.06,-0.29
10.69,1.03,0.22,0.37,-0.41,-0.32
10.76,1.20,0.24,0.46,-0.25,-0.34
10.86,1.01,0.17,0.52,-0.21,-0.34
11.06,0.76,0.86,0.75,-0.34,-0.32
11.36,0.12,1.10,0.56,-0.42,-0.23
12.29,-0.89,-0.72,0.09,-0.53,-0.11
11.10,-1.61,0.82,0.88,-0.47,0.08
14.64,-2.29,-3.65,0.12,0.24,-0.53
15.89,-2.09,-0.98,0.29,-0.55,0.22
14.34,-3.49,0.82,0.03,-1.12,0.59
15.37,-3.59,0.89,-0.89,-1.49,0.77
15.89,-3.44,-0.04,-1.62,-1.89,1.15
13.16,-3.53,-1.18,-2.57,-2.38,1.59
12.77,-0.66,-4.14,-3.18,-2.90,1.65
12.15,1.36,-5.82,-2.39,-3.26,1.55
12.15,1.08,-5.68,-0.31,-2.90,0.55
11.98,1.04,-2.21,2.77,-1.98,0.43
14.85,7.41,0.61,3.83,1.52,0.67
13.33,11.31,0.98,4.34,1.10,1.47
8.46,8.03,5.77,3.15,0.21,2.27
5.42,5.20,5.14,0.61,-0.55,0.92
7.24,2.25,3.40,-2.05,-1.72,-0.04
11.48,-1.28,0.62,-4.26,-3.55,-0.72
14.77,-5.16,-5.70,-2.31,-3.18,-0.17
13.06,-3.60,-1.33,-0.41,-3.20,0.80
11.98,-1.56,0.15,-0.70,-1.82,1.26
11.72,0.04,0.88,-1.39,-0.63,1.31
10.33,0.32,0.94,-1.92,-0.07,1.30
7.56,2.66,-2.09,-1.67,-0.26,1.10
8.12,3.13,-2.12,-1.56,-0.29,1.01
8.46,2.72,-1.30,-1.38,-0.02,0.89
8.58,2.32,-1.02,-1.31,0.12,0.85
8.08,2.07,-1.02,-1.30,0.26,0.76
7.23,1.58,-1.33,-1.06,0.33,0.70
6.52,1.19,-1.52,-0.93,0.44,0.61
6.16,1.06,-1.82,-0.89,0.57,0.43
6.16,1.03,-1.96,-0.96,0.63,0.19
6.62,0.89,-1.95,-1.08,0.64,-0.11
7.26,0.58,-2.25,-1.27,0.66,-0.42
7.86,0.34,-2.55,-1.35,0.66,-0.70
8.55,0.11,-2.95,-1.49,0.61,-1.03
9.63,-0.27,-3.60,-1.66,0.60,-1.27
10.94,-0.56,-4.55,-1.98,0.58,-1.42
12.87,-1.29,-5.90,-2.21,0.16,-1.49
14.07,-2.33,-6.73,-2.35,-0.29,-1.39
15.04,-3.59,-7.13,-2.20,-0.53,-0.99
14.85,-4.25,-6.05,-2.17,-0.61,-0.35
13.46,-2.93,-4.86,-1.96,-0.58,0.07
11.56,-1.20,-4.23,-1.65,-0.31,0.42
9.78,-0.02,-3.99,-1.50,-0.06,0.50
8.07,0.32,-3.57,-1.41,0.15,0.61
7.47,-0.25,-3.87,-1.27,0.70,0.60
7.97,1.20,-1.80,0.34,0.76,0.40
12.97,6.64,0.30,2.48,0.17,0.15
22.12,14.65,-0.25,-1.53,1.92,-1.31
25.54,9.25,-9.43,-2.44,-0.80,-1.59
14.23,2.08,-4.59,-0.12,-0.69,-0.62
6.14,1.36,1.83,0.77,-0.40,-0.12
5.98,3.54,2.19,1.29,0.53,0.08
3.69,1.75,2.51,0.63,0.91,0.15
5.17,0.59,1.13,0.50,0.15,-0.16
7.26,0.54,2.92,-0.10,-0.39,-0.41
10.80,1.05,3.63,-0.56,-0.37,-0.97
13.90,1.43,5.09,-0.78,-0.33,-1.68
12.83,0.64,4.72,-2.60,0.55,-1.50
10.92,-0.11,0.64,-3.16,1.93,-0.89
10.46,-0.01,-0.74,-2.46,1.76,-0.76
10.81,1.40,-0.67,-1.81,1.73,-0.06
9.86,1.27,-2.15,-1.72,0.55,0.19
10.28,1.36,-3.13,-1.15,-0.36,0.15
9.49,1.49,0.38,-1.06,0.07,-0.20
10.98,1.08,-1.95,-1.08,0.21,-0.34
10.74,0.68,-1.58,-0.86,0.20,-0.27
10.40,0.36,-0.94,-0.49,0.15,-0.27
10.07,-0.04,-0.71,-0.43,0.23,-0.17
9.86,0.42,-0.32,-0.01,0.33,-0.11
9.76,0.97,0.61,-0.13,0.63,0.02
9.73,1.42,0.92,-0.07,0.54,-0.21
9.78,1.91,1.51,-0.20,0.75,-0.19
9.39,2.44,1.07,-0.32,1.06,-0.16
9.89,2.91,1.02,-0.23,0.67,-0.20
9.64,2.36,0.82,-0.20,0.60,-0.22
9.73,1.97,0.86,-0.05,0.64,-0.27
9.87,1.74,0.95,0.09,0.68,-0.33
9.86,1.81,1.07,0.07,0.75,-0.37
9.68,1.66,0.70,-0.09,0.76,-0.37
9.15,1.12,0.16,-0.10,0.77,-0.35
9.17,0.52,-0.45,-0.05,0.75,-0.32
9.39,-0.20,-0.32,0.24,0.74,-0.33
10.30,-0.31,-0.10,0.47,0.86,-0.33
10.83,0.23,0.32,0.64,0.98,-0.29
10.85,0.83,0.39,0.55,0.96,-0.27
10.73,1.37,-0.20,0.35,0.79,-0.31
10.51,1.75,-0.86,0.18,0.52,-0.34
10.21,1.94,-0.65,0.27,0.28,-0.39
10.16,1.99,0.62,0.55,0.06,-0.47
10.17,2.03,1.96,0.54,0.16,-0.55
10.18,2.01,2.67,0.52,0.20,-0.60
10.38,1.84,3.16,0.38,0.26,-0.62
10.94,1.15,2.49,0.06,0.28,-0.65
11.47,0.88,0.82,-0.25,0.11,-0.58
11.43,-0.25,-0.29,-0.18,-0.18,-0.64
11.90,-0.62,-0.39,0.05,-0.25,-0.66
12.93,-0.81,1.06,0.30,-0.37,-0.55
13.69,-0.79,2.50,0.02,-0.36,-0.39
13.90,-0.58,3.19,-0.46,-0.53,-0.18
15.18,-0.24,2.66,-1.30,-0.93,-0.16
13.31,1.30,-3.27,-3.08,-1.78,0.39
11.51,2.36,-3.93,-2.36,-2.07,0.53
9.86,3.29,-3.97,-1.66,-2.52,0.45
10.68,4.89,-4.03,-0.97,-2.60,0.34
10.70,4.37,-4.59,-0.05,-2.48,0.49
11.19,4.09,-3.59,1.94,-2.19,0.64
9.67,2.02,0.25,3.70,-1.70,0.81
9.64,2.81,3.84,3.29,-0.47,1.03
8.91,1.84,4.78,1.88,-1.14,0.78
9.74,1.39,4.43,0.23,-1.13,0.61
10.61,1.33,2.43,-0.47,-0.96,0.58
11.61,1.19,0.22,-1.52,-0.17,0.60
12.07,1.22,-3.24,-0.46,-0.57,0.55
11.88,2.06,-1.76,0.97,-0.83,0.71
11.12,2.30,0.60,0.81,-0.63,0.78
10.02,2.57,0.58,0.28,-0.65,0.74
9.53,2.18,0.40,-0.25,-0.72,0.69
9.76,1.69,0.91,-0.61,-0.61,0.69
9.56,0.98,0.90,-1.32,-0.79,0.80
10.23,0.38,-1.44,-1.77,-0.78,1.04
10.52,1.10,-2.22,-1.47,-0.34,1.32
9.41,2.54,-1.64,-0.77,0.10,1.42
8.91,3.17,-1.22,-0.95,-0.03,1.20
8.81,3.45,-1.44,-1.31,-0.88,1.06
8.31,3.00,-1.37,-0.97,-0.19,0.90
7.88,2.63,-1.64,-0.70,-0.05,0.78
7.81,2.27,-1.42,-0.68,0.01,0.64
7.91,1.91,-1.60,-0.85,0.04,0.50
8.15,1.64,-1.73,-0.91,0.01,0.37
8.20,1.36,-1.58,-1.01,0.05,0.25
8.21,1.22,-1.37,-1.08,0.21,0.11
8.18,1.02,-1.26,-1.19,0.25,0.00
8.26,0.51,-1.24,-1.29,0.30,-0.10
8.35,0.08,-1.13,-1.35,0.35,-0.14
8.38,-0.16,-1.19,-1.32,0.45,-0.17
8.47,-0.15,-1.35,-1.24,0.58,-0.20
8.80,0.11,-1.61,-1.14,0.73,-0.22
9.31,0.29,-2.28,-1.07,0.93,-0.22
9.90,0.58,-3.01,-1.01,1.14,-0.26
10.87,0.54,-4.17,-1.05,1.07,-0.39
15.32,-3.35,-7.25,-1.40,-0.33,-0.07
13.37,-3.50,-5.24,-1.10,-0.48,0.39
11.09,-2.22,-3.79,-1.05,-0.57,0.50
9.90,0.17,-2.80,-1.32,-0.58,0.58
7.83,0.22,-2.26,-1.50,-0.31,0.68
6.69,-0.89,-2.55,-1.35,0.17,0.34
8.32,0.28,-0.67,-0.32,0.48,-0.12
12.80,3.81,0.39,1.45,0.43,-0.49
20.82,8.60,0.95,0.99,0.90,-1.78
23.30,7.75,-7.28,-0.18,1.39,-1.76
17.08,2.72,-4.79,1.80,0.46,-0.37
9.93,2.47,-0.41,1.98,-0.27,0.53
6.90,3.81,0.09,1.81,1.93,0.63
3.85,2.44,2.54,1.58,1.75,1.30
3.29,1.73,1.09,0.39,0.36,0.59
5.83,0.37,1.46,0.46,-0.97,-0.35
10.18,3.90,3.14,0.30,-1.78,-0.93
12.56,5.73,4.22,-0.57,-1.35,-1.07
12.11,4.06,2.42,-1.09,-0.23,-1.03
10.77,2.65,1.06,-1.61,0.17,-1.06
9.99,1.50,0.86,-1.48,0.61,-0.98
10.48,0.72,0.91,-1.17,1.63,-0.72
10.93,-0.12,-0.35,-1.05,1.85,-0.85
10.18,-0.53,-0.20,-0.69,1.49,-0.35
9.88,0.04,-0.79,-0.13,1.34,-0.08
9.99,0.22,0.09,0.31,0.91,0.14
10.16,0.56,-0.15,0.60,1.87,0.27
10.24,0.91,-0.35,1.10,1.17,0.36
10.12,1.15,0.23,1.40,1.02,0.43
10.02,1.31,0.51,1.58,1.11,0.47
10.32,1.50,0.93,1.59,1.06,0.48
10.53,1.72,1.61,1.48,0.92,0.41
10.19,1.81,1.76,1.21,0.95,0.31
9.89,1.63,1.82,1.01,1.19,0.11
9.68,1.29,0.71,0.65,1.32,-0.04
9.91,1.14,0.63,0.68,0.63,-0.08
9.94,1.04,1.13,0.76,0.44,-0.08
10.08,0.88,1.35,0.73,0.37,-0.04
10.24,0.85,1.67,0.74,0.36,-0.01
10.39,0.89,1.88,0.71,0.42,0.00
10.41,0.95,1.64,0.68,0.47,0.00
10.32,0.97,1.38,0.68,0.43,0.02
10.27,0.93,1.13,0.71,0.40,0.02
10.36,1.00,0.95,0.73,0.33,0.02
10.38,1.18,0.93,0.76,0.26,-0.01
10.30,1.36,0.90,0.78,0.19,-0.05
10.13,1.44,0.99,0.83,0.19,-0.12
9.95,1.38,1.21,0.95,0.25,-0.19
9.79,1.18,1.35,0.93,0.29,-0.26
9.73,1.09,1.37,0.83,0.36,-0.29
9.25,1.02,1.16,0.66,0.32,-0.30
9.00,1.06,1.00,0.61,0.16,-0.32
8.79,0.95,0.93,0.65,0.11,-0.32
8.94,0.85,1.13,0.75,0.14,-0.31
9.21,0.71,1.35,0.76,0.17,-0.30
9.36,0.58,1.48,0.74,0.21,-0.30
9.55,0.48,1.53,0.63,0.22,-0.28
9.87,0.28,1.51,0.54,0.16,-0.25
10.34,-0.04,1.61,0.42,-0.03,-0.15
11.07,-0.22,1.68,0.40,-0.25,-0.03
12.26,-0.67,2.26,0.36,-0.45,0.16
13.63,-1.26,2.58,0.32,-0.71,0.12
16.09,-1.29,2.22,-0.16,-1.13,-0.10
16.82,-2.49,-1.42,-0.02,-4.97,0.80
15.43,-3.44,-1.39,-0.25,-1.34,1.28
12.94,-1.87,-7.91,1.96,-1.49,1.98
13.33,0.23,-4.58,2.04,-1.93,1.81
12.11,2.76,-2.02,1.48,-1.71,1.82
10.51,3.54,-0.32,-0.37,-1.58,1.55
10.06,5.49,-1.62,-0.78,-1.27,1.28
9.57,5.31,0.44,-0.76,-2.21,0.70
9.61,4.19,1.39,-0.48,-2.49,0.50
10.02,2.88,2.49,-0.53,-2.42,0.32
10.95,1.14,3.00,-0.83,-2.20,0.14
11.35,-0.91,1.63,-1.24,-1.68,0.10
12.37,-2.26,0.81,-1.51,-0.90,0.04
12.11,-2.27,0.22,-1.46,-0.95,0.45
11.33,-2.07,-0.41,-1.63,-0.99,0.59
11.20,-1.54,-0.50,-1.86,-0.86,0.69
11.26,-1.40,-0.30,-2.02,-0.63,0.71
10.36,-1.41,0.02,-2.19,-0.49,0.76
9.32,-0.87,0.08,-2.14,-0.39,0.83
8.75,0.06,-0.16,-2.07,-0.10,0.84
8.58,1.14,-0.71,-1.90,0.00,0.96
7.98,2.15,-1.00,-1.92,0.05,0.76
8.57,2.58,-0.45,-1.91,0.00,0.60
8.82,1.84,-0.37,-2.20,0.09,0.45
9.21,0.90,-0.36,-2.35,0.23,0.31
9.15,-0.06,-0.22,-2.40,0.38,0.23
9.13,-0.70,-0.13,-2.45,0.44,0.15
9.18,-0.69,-0.13,-2.47,0.50,0.06
9.38,-0.36,-0.14,-2.48,0.55,-0.04
9.50,-0.12,-0.11,-2.48,0.60,-0.20
9.97,0.32,-0.28,-2.53,0.73,-0.33
10.02,0.59,-0.10,-2.43,0.81,-0.43
9.90,1.24,-0.18,-2.34,0.94,-0.48
10.07,1.13,0.27,-1.85,1.38,-0.50
10.49,2.47,0.35,-2.48,1.62,-0.50
10.13,2.30,1.16,-2.75,1.28,-0.74
9.90,2.45,1.00,-3.07,1.14,-0.86
9.24,2.17,1.49,-3.38,1.13,-0.96
8.89,2.25,1.31,-3.04,1.44,-0.70
8.55,2.50,1.37,-3.51,0.81,-1.17
8.52,1.42,1.99,-3.57,0.20,-0.93
8.19,0.91,2.38,-3.75,-0.44,-0.90
9.46,1.07,3.73,-4.34,-0.43,-1.19
10.97,1.92,3.85,-4.38,-0.31,-1.12
12.05,2.72,3.00,-4.10,-0.20,-0.83
12.58,3.59,3.08,-3.21,0.17,-0.50
12.79,5.13,4.54,-2.80,-0.07,-0.44
11.83,6.76,5.65,-3.49,2.19,-0.58
10.24,8.90,3.69,-3.85,3.37,-0.77
11.92,10.02,2.31,-4.27,1.88,-1.31
9.01,6.93,1.74,-5.19,0.95,-0.63
9.35,5.48,0.55,-4.89,0.21,-1.54
13.37,-0.05,-7.01,-8.72,-0.32,-2.64
13.37,1.13,-12.03,-3.47,-1.98,-1.69
11.09,0.70,-5.65,0.13,1.75,-0.82
10.36,0.68,0.36,0.50,1.41,-1.49
12.25,0.97,4.07,-1.06,-0.35,-1.09
10.68,0.78,4.26,-2.13,-0.54,-0.66
9.73,0.38,3.97,-1.58,-0.64,-0.46
8.02,0.69,4.32,-1.48,-0.45,-0.07
7.48,1.77,5.51,-1.28,-0.34,-0.05
9.19,2.30,5.23,-2.30,-0.51,-0.42
10.63,2.98,2.58,-3.20,-0.56,-0.26
11.03,3.59,-2.42,-4.82,-1.15,-0.46
9.62,3.56,-5.59,-3.23,-1.39,-0.60
10.54,1.00,-4.27,-1.64,-0.79,-0.69
10.21,-0.38,-0.96,-0.73,-0.79,-0.59
9.51,-1.05,2.36,-0.21,-0.67,-0.44
9.43,-0.56,4.64,0.52,-0.83,-0.50
9.83,0.59,6.22,0.03,0.06,-0.40
11.06,2.12,3.98,-1.05,0.34,-0.28
11.00,2.81,1.19,-1.96,0.41,-0.22
10.67,2.80,-1.96,-2.10,0.02,-0.24
10.47,2.17,-1.80,-1.34,-0.51,-0.37
10.03,1.73,0.29,-1.04,-0.59,-0.37
9.62,1.52,1.77,-1.03,-0.56,-0.36
9.60,1.39,3.17,-1.36,-0.43,-0.39
9.56,1.08,2.27,-2.15,0.02,-0.34
9.22,0.64,1.24,-1.58,-0.27,-0.40
9.74,0.44,1.35,-1.19,-0.26,-0.46
9.86,0.45,0.99,-0.96,-0.14,-0.47
10.17,0.56,1.35,-0.80,-0.14,-0.51
10.48,0.71,1.37,-0.86,-0.23,-0.56
10.51,0.85,1.19,-0.88,-0.25,-0.65
10.48,1.15,1.07,-0.87,-0.20,-0.60
10.15,1.49,0.64,-1.02,-0.30,-0.62
10.03,1.35,-0.07,-0.92,-0.31,-0.63
9.91,1.07,-0.01,-0.59,-0.21,-0.67
10.13,0.75,0.55,-0.29,-0.28,-0.73
10.19,0.43,1.00,-0.08,-0.34,-0.77
10.15,0.40,1.56,-0.11,-0.25,-0.76
10.05,0.19,1.43,-0.08,-0.37,-0.82
10.48,-0.02,1.34,-0.16,-0.35,-0.89
11.71,-0.19,1.42,-0.02,-0.58,-1.04
12.26,-0.26,1.52,-0.22,-0.48,-1.00
12.03,-0.09,0.99,-0.78,-0.25,-0.92
12.15,-0.30,-0.11,-1.15,-0.24,-0.94
12.89,-0.76,-0.50,-1.01,-0.63,-0.96
13.61,-0.39,-0.11,-0.85,-0.98,-0.79
13.84,0.14,-0.26,-0.89,-1.07,-0.47
13.79,1.01,-0.31,-0.97,-0.83,-0.11
13.29,1.95,-1.27,-0.99,-0.74,0.12
12.80,3.04,-0.97,-1.01,-1.50,0.23
12.58,4.06,-2.50,-0.63,-3.37,0.23
10.60,4.92,-1.92,-0.25,-3.36,0.26
10.35,4.24,-2.73,-0.19,-2.82,0.21
10.64,3.48,-3.26,-0.06,-2.51,0.16
10.64,2.94,-4.00,0.46,-2.32,0.24
10.51,2.70,-4.31,1.27,-1.58,0.35
10.21,3.33,-3.17,1.90,-0.90,0.43
9.16,3.33,-2.12,2.14,-1.00,0.45
8.60,2.88,-0.33,2.04,-1.05,0.51
8.55,2.26,0.13,1.73,0.07,0.84
8.63,2.69,-0.47,1.50,0.63,0.69
9.15,1.85,0.09,1.50,0.47,0.67
9.16,1.59,-0.60,1.04,-0.00,0.85
8.85,1.62,-1.33,1.27,0.01,0.97
8.86,1.77,-1.11,1.48,0.30,1.11
8.49,2.58,0.25,1.65,1.65,0.81
9.16,1.11,0.04,0.89,0.84,0.89
9.21,1.49,0.75,0.13,0.85,0.81
10.01,-0.02,-0.14,-0.75,0.94,0.77
11.49,-1.25,-1.66,-1.11,0.73,0.98
12.32,-1.79,-2.42,-1.07,1.20,1.15
12.45,-1.33,-1.57,-0.66,0.84,1.36
11.69,-0.23,-0.66,-0.87,0.69,1.43
11.06,1.12,-1.08,-1.18,0.46,1.28
10.85,2.23,-2.23,-1.46,0.21,1.14
10.46,2.45,-1.49,-1.81,0.04,1.04
9.86,2.40,-2.50,-1.79,-0.20,0.83
9.53,1.85,-2.54,-1.86,-0.27,0.72
9.09,1.57,-2.29,-1.79,-0.49,0.62
8.70,1.27,-2.10,-1.67,-0.33,0.52
8.53,1.07,-1.60,-1.40,-0.16,0.45
8.22,0.96,-1.54,-1.42,-0.07,0.35
8.23,0.78,-1.50,-1.37,-0.05,0.14
8.41,0.74,-1.72,-1.41,0.05,0.03
8.45,0.80,-1.82,-1.37,0.12,-0.04
8.51,0.76,-2.02,-1.30,0.22,-0.09
8.75,0.72,-2.08,-1.13,0.34,-0.13
9.07,0.53,-1.89,-0.97,0.47,-0.16
9.47,0.33,-1.95,-0.90,0.63,-0.20
9.90,0.16,-2.02,-0.86,0.76,-0.25
10.11,0.00,-2.18,-0.86,0.85,-0.29
10.15,-0.34,-2.37,-0.86,0.92,-0.36
10.65,-1.21,-3.37,-0.87,0.90,-0.39
11.97,-2.57,-4.32,-0.92,0.76,-0.42
13.22,-3.89,-4.60,-0.93,0.52,-0.40
13.61,-4.50,-3.98,-0.96,0.27,-0.30
12.83,-3.96,-3.04,-1.09,0.07,-0.15
11.21,-3.07,-2.62,-1.24,-0.05,-0.05
9.84,-2.39,-2.67,-1.22,0.11,-0.00
12.83,0.98,-1.99,-0.43,0.65,-0.24
16.66,4.95,1.91,1.26,0.58,-0.86
17.95,6.77,0.29,1.87,0.28,-0.75
16.82,7.40,-2.67,1.99,1.70,-0.29
13.28,5.38,-6.43,0.83,0.59,-0.02
8.85,3.70,-5.32,1.47,-0.81,0.26
5.44,4.18,-0.78,2.97,0.35,0.66
3.48,4.13,-0.09,2.43,0.70,0.55
5.65,4.51,-1.03,1.85,0.66,0.27
8.94,5.49,-1.52,2.31,1.70,-0.26
11.28,5.83,-0.26,3.16,2.38,-0.35
11.25,4.24,4.60,4.06,1.11,-0.16
10.36,3.05,6.29,3.46,0.63,-0.11
10.81,2.45,7.89,1.78,-1.87,-0.38
9.43,-0.68,8.83,-0.21,-2.21,-0.71
8.84,-1.12,6.75,-1.62,-0.53,-2.06
10.98,-1.98,4.35,-3.02,0.51,-2.37
11.57,-2.89,2.08,-2.76,0.58,-1.82
11.41,-3.06,-0.83,-2.62,1.28,-1.26
11.84,-2.25,-2.00,-0.93,1.58,-0.63
11.97,-1.74,-1.67,0.64,2.10,0.43
10.26,-0.83,-3.34,0.85,-0.33,1.11
8.90,0.60,0.68,2.16,-0.60,1.51
9.54,1.16,0.86,2.24,-0.80,1.48
10.27,1.99,-1.03,1.38,-0.05,0.84
11.19,3.94,0.25,1.20,0.01,0.24
9.53,3.41,0.85,0.32,0.01,-0.19
9.44,2.44,1.05,-0.23,0.09,-0.44
9.53,2.36,1.64,-0.52,0.22,-0.56
9.60,2.02,1.61,-0.46,-0.20,-0.54
9.46,1.47,1.42,-0.23,0.06,-0.67
8.27,0.81,1.41,0.06,-0.31,-0.67
9.09,0.77,1.62,0.05,-0.26,-0.80
9.41,0.41,1.29,0.11,-0.14,-0.75
10.60,1.19,0.45,0.27,0.10,-0.76
10.88,1.48,-0.22,0.47,0.07,-0.60
10.54,1.79,-0.08,0.67,0.02,-0.54
10.30,1.73,0.50,0.73,-0.28,-0.59
10.58,1.27,0.75,0.66,-0.65,-0.77
10.95,0.93,0.85,0.34,-0.52,-0.87
10.71,-0.01,1.05,0.29,-0.35,-0.86
10.30,-0.84,2.01,0.44,-0.31,-0.91
10.76,-1.07,2.44,0.44,-0.27,-1.06
11.78,-1.24,2.51,0.23,-0.35,-0.85
12.67,-1.05,1.64,0.09,-0.47,-0.65
14.22,-0.64,0.24,-0.13,-0.83,-0.56
15.30,0.43,-1.81,-0.13,-1.71,-0.29
15.42,1.71,-3.53,-0.06,-2.22,0.24
15.06,2.55,-4.81,-0.54,-2.04,0.62
12.93,2.89,-5.18,-0.55,-2.27,0.14
12.73,3.23,-5.67,-0.10,-3.04,-0.32
11.43,3.98,-6.87,0.71,-2.84,0.13
10.55,4.34,-5.75,1.50,-2.35,0.09
11.37,2.42,-4.04,1.90,-1.78,0.76
9.40,4.98,-2.87,2.15,-1.42,1.46
8.44,6.45,-0.91,2.05,-1.13,0.86
8.17,5.72,-0.60,1.77,-0.45,0.43
7.87,4.74,-1.88,1.42,-0.02,0.35
8.38,2.64,-3.39,1.48,0.29,0.44
8.94,1.69,-4.39,2.00,0.58,0.59
9.11,1.59,-3.28,2.19,0.64,0.80
9.73,1.51,-3.75,1.74,0.86,0.99
9.06,2.07,-4.07,1.62,0.64,1.01
9.28,0.99,-3.24,1.80,0.31,0.96
9.38,1.81,-1.65,1.74,0.25,0.81
9.31,2.07,-1.94,1.14,1.13,0.66
8.93,2.10,-3.11,0.95,1.97,0.77
9.67,1.90,-3.90,1.01,1.28,0.84
9.40,0.35,-4.11,0.84,0.78,0.78
9.77,-0.40,-3.62,0.67,0.66,0.73
10.38,-0.80,-3.04,0.60,0.54,0.75
10.55,-0.54,-2.37,0.39,0.48,0.71
10.01,-0.47,-2.38,0.15,0.55,0.79
9.50,0.44,-2.61,0.08,0.56,0.76
9.36,1.39,-2.96,-0.07,0.59,0.67
9.50,2.18,-3.46,0.04,0.56,0.63
9.21,2.34,-3.73,0.11,0.66,0.54
8.79,1.91,-3.79,0.03,0.50,0.33
8.50,1.28,-3.40,-0.06,0.43,0.14
8.64,0.42,-3.58,-0.04,0.38,-0.01
8.67,-0.32,-3.85,0.19,0.35,-0.10
8.55,-0.34,-3.55,0.43,0.40,-0.12
8.21,-0.34,-2.83,0.48,0.45,-0.12
8.09,-0.38,-2.47,0.43,0.50,-0.16
8.24,-0.37,-1.85,0.52,0.52,-0.19
8.51,-0.09,-1.52,0.32,0.52,-0.31
9.54,-0.46,-2.19,-0.32,0.46,-0.50
10.41,-0.98,-3.23,-0.62,0.11,-0.55
11.07,-1.88,-3.51,-0.72,-0.12,-0.52
12.06,-2.55,-3.95,-0.60,-0.25,-0.40
12.25,-3.30,-3.60,-0.22,-0.35,-0.20
12.39,-3.27,-3.33,-0.03,0.14,0.17
11.77,-3.20,-3.79,0.16,0.26,0.38
10.96,-2.49,-4.25,0.40,0.31,0.30
9.64,-1.95,-4.16,0.53,0.22,0.11
8.56,-1.39,-3.48,0.45,0.18,-0.13
10.11,0.41,-2.94,0.24,0.23,-0.44
15.15,2.32,-3.01,0.44,0.21,-1.28
23.27,5.11,-4.45,0.35,-0.02,-2.20
25.58,-0.62,-6.56,3.03,-2.40,-0.27
13.54,4.27,3.18,3.17,2.04,3.06
5.45,5.18,0.61,2.49,3.37,1.87
4.80,5.28,-0.69,1.22,2.71,0.57
5.83,5.07,-1.69,1.22,1.62,0.24
7.31,4.60,-1.30,1.85,1.29,0.14
9.17,5.02,0.80,2.78,0.84,0.02
10.83,5.06,2.63,2.47,0.01,-0.53
10.38,5.21,4.16,1.82,-0.62,-0.64
9.68,4.21,2.94,1.44,-0.18,-0.64
9.82,2.92,2.87,0.94,-0.17,-0.60
8.93,1.87,2.90,0.55,-0.11,-0.99
10.44,0.51,4.03,0.31,0.09,-1.34
10.86,0.28,3.27,-0.18,0.53,-1.22
10.52,-0.10,2.89,-0.80,0.21,-1.00
9.92,-0.12,1.14,-0.67,0.04,-0.73
10.02,0.09,-0.48,0.29,0.35,-0.41
10.13,0.06,-0.43,1.48,0.97,-0.03
9.90,-0.28,0.58,2.37,1.43,0.10
10.45,0.13,1.74,2.81,1.41,0.23
10.52,0.31,2.05,2.79,1.06,0.41
10.24,0.24,1.36,2.82,1.00,0.50
10.15,0.40,1.58,2.94,1.15,0.49
10.28,0.59,2.39,3.09,1.39,0.43
10.44,0.92,3.22,2.63,1.32,0.32
10.80,1.24,2.94,1.83,0.92,0.29
10.82,1.19,1.60,1.49,0.70,0.33
10.58,0.86,0.79,1.66,0.76,0.36
10.43,0.70,0.52,1.79,0.84,0.41
9.96,0.46,1.01,1.99,1.01,0.44
9.82,-0.32,0.84,1.68,0.51,0.46
9.57,-0.54,-0.68,1.55,-0.41,0.54
9.68,-0.87,-0.86,2.91,0.79,0.59
9.22,-1.05,1.92,3.34,2.19,0.45
9.09,-0.85,4.03,2.30,0.68,0.36
9.75,-1.50,2.85,1.08,-0.61,0.27
10.48,-1.84,1.32,1.08,-0.65,0.17
10.38,-1.68,1.27,1.50,-0.34,0.34
9.88,-1.87,1.48,1.51,-0.23,0.53
9.34,-2.15,1.13,1.39,-0.28,0.77
9.40,-2.23,-0.19,1.73,-0.12,1.07
10.41,-1.82,1.18,1.20,-0.34,1.46
12.10,-0.40,-1.46,1.15,-3.37,2.17
15.34,1.35,-3.96,2.67,-1.50,1.84
20.71,7.10,-4.76,3.51,-2.78,1.16
20.06,9.30,-4.37,3.28,-3.20,2.22
14.00,9.14,-2.64,4.15,-2.99,2.38
11.58,10.24,-1.26,2.12,-2.58,1.20
12.12,8.38,-0.98,1.52,-2.48,0.93
12.81,5.05,-2.19,1.97,-2.36,0.61
12.83,1.92,-0.86,2.55,-3.09,0.38
11.73,-0.12,-0.52,2.33,-2.78,0.24
10.87,-1.24,-0.79,1.87,-2.03,0.31
9.99,-0.59,-2.08,1.20,-0.84,0.27
9.58,1.17,-3.04,0.61,-0.36,0.20
8.78,2.45,-3.43,0.70,-0.52,0.32
7.64,3.62,-3.61,1.03,-0.41,0.22
7.67,3.68,-2.36,1.13,-0.82,-0.03
7.18,4.00,-1.90,0.96,-1.23,-0.30
8.15,3.31,-2.34,0.96,-1.42,-0.65
9.39,2.29,-2.90,1.16,-1.65,-0.90
10.73,1.31,-2.82,1.27,-1.40,-0.93
11.20,0.78,-2.55,1.79,-3.04,-0.90
10.71,-0.19,-2.10,1.57,-1.50,-0.76
10.22,0.10,-2.35,1.26,-1.11,-0.62
10.01,-0.04,-3.05,0.86,-0.92,-0.57
9.67,-0.32,-3.37,0.88,-0.63,-0.42
9.25,-0.88,-3.68,1.02,-0.46,-0.41
8.80,-1.11,-4.43,1.04,-0.47,-0.51
8.11,-0.64,-4.93,1.00,-0.48,-0.57
7.55,0.03,-4.34,0.93,-0.40,-0.63
7.35,0.51,-3.57,0.67,-0.37,-0.68
7.35,0.43,-3.45,0.49,-0.28,-0.72
7.20,0.70,-3.57,0.50,-0.07,-0.74
6.85,0.86,-3.25,0.49,0.27,-0.72
6.62,0.91,-3.48,0.43,0.52,-0.76
6.64,0.99,-3.63,0.41,0.65,-0.82
6.63,0.45,-3.62,0.38,0.66,-0.89
6.66,0.23,-3.68,0.30,0.72,-0.94
6.90,0.19,-4.09,0.36,0.73,-0.96
7.30,0.23,-4.64,0.42,0.69,-1.00
7.93,0.33,-5.32,0.54,0.60,-1.06
8.85,0.41,-5.71,0.53,0.58,-1.11
10.56,0.09,-5.80,0.27,0.38,-1.24
12.23,-0.40,-6.30,-0.04,0.71,-1.21
13.18,-0.69,-7.21,-0.34,0.98,-1.17
13.09,-1.25,-8.01,-0.69,0.89,-1.08
12.73,-2.20,-9.07,-0.65,0.89,-0.88
12.93,-2.75,-9.29,-0.95,0.85,-0.71
14.82,-1.56,-8.82,-1.41,0.86,-0.74
18.07,0.40,-8.13,-0.69,1.13,-0.62
19.81,2.96,-7.01,-0.12,0.58,-0.52
17.44,4.12,-6.48,0.19,0.02,-0.15
14.58,3.23,-7.97,0.16,-0.18,-0.06
12.07,2.15,-7.69,0.52,-0.08,-0.05
9.87,3.50,-5.31,1.31,-0.48,0.05
7.53,2.91,-1.36,1.88,0.40,0.34
7.81,1.52,3.93,2.21,3.87,0.64
5.85,3.31,1.78,2.04,4.86,1.05
6.21,3.86,0.97,0.95,2.69,0.19
6.93,3.96,1.43,1.38,0.25,0.00
8.28,4.39,3.65,1.30,0.39,-0.06
9.49,4.75,4.01,0.68,0.65,-0.08
10.68,4.11,3.34,0.80,1.35,-0.12
9.75,3.58,2.87,1.09,1.89,-0.19
10.16,2.21,2.73,0.97,2.48,-0.65
9.92,0.88,2.40,0.92,2.49,-0.58
10.51,-0.34,2.61,0.71,1.80,-0.53
11.27,-1.03,1.43,0.17,0.81,-0.16
11.14,-1.57,0.01,0.24,0.91,0.05
11.72,-1.69,-0.23,0.36,2.52,0.09
11.91,-0.12,-2.31,-0.57,1.52,0.29
11.12,2.32,-4.70,1.05,2.41,1.12
10.74,2.93,-1.37,1.19,-0.18,0.68
8.86,2.07,-0.90,0.82,-0.28,0.72
9.62,2.19,0.69,0.97,-0.81,0.15
10.11,1.31,1.19,-0.33,1.66,-0.03
10.63,0.83,0.51,0.34,1.17,-0.39
9.17,0.75,0.56,0.57,-0.79,-0.19
10.37,0.57,3.01,0.76,-0.48,-0.29
9.56,0.42,2.12,0.23,0.24,0.09
8.90,0.23,2.50,0.40,0.47,0.18
8.98,0.39,2.52,0.40,0.42,0.26
9.62,0.52,2.74,0.50,0.64,0.31
9.86,0.91,2.41,0.64,0.88,0.31
10.03,1.42,2.19,0.64,1.00,0.30
9.99,1.81,2.04,0.49,1.13,0.27
10.51,1.99,0.33,0.23,0.29,0.43
8.77,2.36,0.28,0.53,1.17,0.36
9.08,2.32,-0.09,0.49,0.01,0.52
8.42,2.67,0.31,0.26,-0.15,0.37
8.87,2.67,1.02,0.62,1.44,-0.18
10.89,1.35,-0.97,0.49,1.71,-0.71
10.38,1.04,0.60,0.67,0.70,-0.53
9.86,0.98,0.58,0.59,0.61,-0.59
9.65,1.18,1.15,0.56,0.48,-0.59
9.70,1.57,1.26,0.68,0.34,-0.65
9.84,1.82,1.70,0.59,0.36,-0.60
9.92,1.83,1.56,0.71,0.15,-0.51
9.60,1.72,1.53,0.82,0.02,-0.39
9.88,1.59,1.93,0.76,-0.05,-0.48
9.96,1.07,1.82,0.64,0.04,-0.53
10.24,0.58,2.16,0.49,-0.05,-0.57
10.75,0.27,2.36,0.20,0.16,-0.52
10.91,0.02,2.32,0.25,0.36,-0.44
11.28,-0.10,1.76,0.17,0.43,-0.44
12.41,-0.30,2.49,0.20,0.05,-0.43
13.05,-0.40,3.06,0.05,-0.30,-0.30
14.27,-0.90,3.24,-0.31,-0.49,-0.15
15.26,-0.38,3.38,-0.70,-0.70,0.04
17.25,-0.49,-0.97,-1.16,-1.49,-0.03
16.82,0.52,-2.17,-1.08,-1.82,0.82
14.44,1.74,-3.98,-0.36,-2.88,1.15
11.48,2.92,-2.08,-0.58,-4.85,1.61
9.74,4.08,-4.32,-1.14,-3.45,1.05
10.19,5.00,-4.74,-1.01,-3.09,0.78
11.09,4.29,-5.38,0.18,-2.82,0.68
11.53,4.85,-3.77,2.62,-2.31,0.60
10.44,6.19,0.46,4.58,-1.28,1.22
8.90,4.26,3.86,3.77,-1.03,0.99
7.99,2.83,5.43,2.59,-1.32,0.96
8.60,1.63,6.43,0.45,-1.75,0.43
10.48,-0.14,1.48,-2.32,-1.99,-0.06
13.75,-1.19,0.73,-2.19,-6.18,-0.53
12.47,-1.13,-4.78,-1.38,-1.96,0.31
11.54,-0.22,-2.64,-0.33,-1.28,0.68
10.53,0.87,-0.96,-0.36,-1.07,0.84
10.51,0.95,-0.83,-0.60,-0.78,0.90
9.06,1.73,-1.30,-0.89,-0.03,1.32
8.10,2.64,-0.76,-0.94,-0.20,0.97
8.10,1.90,-0.83,-1.03,-0.09,0.78
8.37,1.78,-0.98,-1.05,0.19,0.73
8.84,1.59,-1.46,-1.06,0.55,0.76
9.14,1.40,-2.18,-0.82,1.09,0.80
9.26,1.78,-1.77,-0.46,1.95,0.76
9.03,2.26,-2.01,-0.48,2.27,0.73
8.04,2.62,-1.11,-0.52,1.60,0.68
7.39,2.43,-0.28,-0.74,1.36,0.48
7.48,1.95,0.11,-1.00,1.50,0.21
8.68,1.62,-0.28,-1.30,1.56,-0.04
9.97,1.29,-2.07,-1.50,1.18,-0.28
11.47,0.97,-4.09,-1.80,0.92,-0.38
12.60,0.13,-5.25,-1.87,0.46,-0.44
13.62,-1.15,-5.80,-1.97,-0.09,-0.41
13.45,-2.20,-5.54,-2.10,-0.73,-0.21
12.96,-2.88,-5.09,-2.12,-1.16,0.02
12.67,-3.06,-4.31,-2.06,-1.22,0.21
12.02,-2.33,-2.77,-1.90,-1.11,0.33
10.98,-1.60,-1.77,-1.96,-1.09,0.45
10.46,-1.07,-1.23,-1.98,-1.03,0.40
10.28,-0.94,-1.26,-2.12,-0.78,0.36
10.23,-1.15,-1.39,-2.37,-0.58,0.33
9.86,-1.25,-1.22,-2.67,-0.41,0.31
9.60,-1.30,-1.34,-2.91,-0.52,0.26
9.33,-1.41,-1.69,-3.20,-0.60,0.18
9.08,-1.19,-2.09,-3.32,-0.58,0.10
8.76,-0.46,-2.17,-3.33,-0.48,0.00
8.60,0.01,-1.95,-3.10,-0.31,-0.01
8.48,0.56,-1.83,-3.19,-0.55,-0.10
8.41,1.09,-1.66,-3.22,-0.56,-0.05
8.18,1.50,-2.11,-3.55,-0.64,0.01
8.00,2.02,-2.97,-3.61,-0.73,0.09
10.08,2.37,-3.30,-4.18,-1.43,0.38
10.49,0.45,-1.55,-3.70,-0.39,0.04
11.48,1.66,1.51,-1.95,0.01,-0.31
12.50,6.87,3.21,-0.95,0.34,-0.68
14.87,12.32,1.38,-1.26,0.34,-0.30
14.13,14.20,1.78,-1.97,0.56,0.13
9.47,9.85,-1.24,-3.60,-0.21,0.18
5.68,3.73,-2.72,-3.44,-0.89,-0.24
8.03,-1.51,0.28,-1.24,-0.21,-1.56
16.99,-2.13,4.39,-0.24,0.48,-1.75
17.86,-3.45,3.94,-2.66,0.24,-1.57
17.62,-5.17,-0.49,-3.46,-0.08,-1.08
11.57,-2.52,-1.53,-3.54,0.17,-0.01
9.78,0.58,-0.76,-3.15,0.46,0.65
8.47,2.96,0.86,-2.97,0.05,0.84
8.99,4.16,0.25,-2.95,-0.12,0.48
9.67,4.02,-0.64,-3.22,0.18,0.50
9.78,3.72,-1.14,-3.05,0.38,0.54
9.96,3.03,-2.51,-3.08,-0.53,0.31
10.22,2.15,-2.77,-3.14,-0.11,0.14
10.69,1.30,-4.12,-2.91,-0.09,0.03
10.59,1.08,-4.46,-2.45,-0.20,0.05
10.16,1.22,-4.11,-1.96,-0.27,0.14
9.84,1.59,-3.22,-1.37,-0.22,0.20
9.56,2.60,-2.45,-0.96,-0.14,0.21
9.73,3.30,-1.75,-0.76,-0.06,0.18
9.86,3.54,-0.87,-0.63,-0.09,0.00
10.04,3.04,0.48,-0.71,-0.07,-0.18
10.06,2.21,0.73,-0.99,0.98,-0.34
10.68,1.65,0.16,-0.91,0.24,-0.62
11.48,1.07,1.44,-1.11,-0.20,-0.42
11.59,0.70,0.96,-1.45,-0.42,-0.36
11.77,0.56,0.58,-1.42,-0.17,-0.10
10.99,0.97,0.42,-1.26,-0.09,0.06
10.63,1.57,0.96,-1.36,-0.25,0.09
10.48,2.26,0.91,-1.62,-0.42,0.09
10.57,2.55,0.65,-2.15,-0.23,0.09
10.43,2.49,-1.64,-2.80,-0.62,0.12
10.25,1.89,-0.83,-2.16,-1.37,0.01
10.10,1.38,-0.38,-1.70,-0.84,-0.07
10.08,0.96,0.16,-1.65,-0.80,-0.09
10.24,0.93,0.06,-1.83,-0.66,-0.02
10.20,0.82,-0.36,-1.89,-0.63,0.05
10.06,1.23,-0.89,-1.88,-0.83,0.05
10.11,1.31,-0.33,-1.95,-1.15,0.09
10.33,1.62,-0.46,-1.57,-0.66,0.11
10.12,1.71,-0.37,-1.54,-0.62,0.15
10.22,1.74,-0.47,-1.45,-0.58,0.17
10.15,1.98,-0.36,-1.37,-0.78,0.13
9.77,2.02,-0.43,-1.43,-0.93,0.05
9.78,1.81,-0.51,-1.52,-1.11,0.04
9.53,2.11,-0.93,-1.55,-1.03,0.02
9.64,1.68,-1.04,-1.40,-0.76,0.04
9.76,1.30,-1.41,-1.34,-0.90,0.01
9.65,1.04,-2.08,-1.17,-0.75,-0.05
10.37,1.16,-1.78,-1.08,-0.77,-0.04
10.75,0.97,-2.29,-1.07,-0.59,-0.05
10.98,1.45,-3.28,-0.73,-1.48,-0.12
11.42,2.28,-2.47,-0.32,-1.13,-0.19
11.35,2.69,-2.20,-0.23,-1.01,-0.24
11.41,2.47,-1.47,-0.43,-1.31,-0.20
10.31,2.00,-1.89,-0.37,-1.13,-0.53
10.70,0.34,-1.01,-0.06,-0.87,-0.72
10.94,-0.06,0.05,0.19,-0.76,-0.72
10.83,0.24,0.66,0.26,-0.73,-0.59
10.48,0.83,0.49,0.24,-0.70,-0.48
10.53,1.82,0.03,0.21,-0.68,-0.38
10.56,2.76,-1.09,0.11,-0.50,-0.40
11.37,4.89,-1.69,0.01,-0.62,-0.34
11.30,6.26,-2.91,-0.33,-0.43,-0.32
10.76,6.27,-4.67,-0.26,-0.34,-0.55
9.76,5.94,-6.42,-0.01,-0.28,-0.72
9.17,5.62,-8.79,0.25,-0.02,-0.66
9.89,5.64,-11.55,0.65,0.20,-0.56
11.04,5.98,-13.07,1.84,0.50,-0.49
11.47,5.26,-11.13,3.13,0.83,-0.28
11.92,3.47,-9.30,3.62,1.78,-0.20
12.60,3.41,-8.17,3.22,1.70,-0.64
14.37,3.56,-8.47,3.29,2.49,0.02
13.94,2.68,-9.57,3.44,3.35,0.67
12.22,3.16,-9.20,3.02,3.04,1.03
8.20,1.90,-5.97,3.33,1.71,1.40
5.23,1.50,-1.95,2.98,0.95,1.41
6.46,1.45,1.57,2.67,0.62,1.30
2.59,1.32,1.21,2.39,0.63,1.47
3.36,3.90,2.98,0.74,1.06,0.75
4.15,3.93,1.33,-0.54,2.11,0.57
4.37,3.47,-0.87,-1.25,3.46,0.08
4.16,1.73,-4.15,0.14,4.83,0.02
7.49,-0.04,-6.24,0.69,2.92,-0.95
10.04,0.74,-3.68,1.54,0.91,-0.37
9.07,2.14,-1.75,2.84,1.53,0.01
10.81,1.18,-0.73,2.28,1.77,-0.76
11.36,1.56,-0.72,0.94,0.94,-0.52
10.48,1.48,-1.63,0.07,0.82,-0.46
10.03,1.52,-2.08,-0.34,0.76,-0.42
9.71,1.29,-1.75,-0.49,0.45,-0.48
9.58,2.08,-0.85,-0.86,0.18,-0.58
10.51,2.39,-1.13,-1.57,-0.18,-0.72
11.42,2.61,-1.72,-2.16,-0.93,-0.75
12.70,2.82,-3.42,-2.50,-0.81,-1.01
15.24,3.40,-4.49,-2.46,-0.95,-1.15
16.06,2.17,-5.53,-1.14,-0.76,-0.56
15.91,0.25,-5.04,-0.50,-0.77,-0.40
14.76,-0.07,-4.41,0.10,-0.27,-0.16
12.25,0.06,-2.57,0.29,-0.17,0.04
10.52,0.11,-1.73,0.31,-0.29,0.18
9.53,0.21,-1.69,0.05,0.02,0.25
8.99,0.49,-1.52,0.31,-0.34,0.13
8.77,0.77,-1.95,-0.17,0.13,0.23
8.72,1.37,-2.03,0.05,-0.11,0.23
8.80,2.02,-1.86,-0.12,0.19,0.26
9.01,2.61,-1.45,0.23,0.91,0.19
9.03,2.97,-1.56,0.07,0.76,0.11
9.62,3.34,-0.72,0.10,0.78,0.01
9.94,3.28,-0.58,-0.07,0.80,-0.08
10.14,3.21,-0.20,-0.19,0.47,-0.12
10.59,3.03,-0.12,-0.35,0.20,-0.21
11.23,2.70,-0.32,-0.52,0.03,-0.28
11.73,2.40,-0.88,-0.60,-0.09,-0.21
11.58,2.14,-1.23,-0.35,0.01,-0.01
11.48,1.89,-1.75,-0.08,0.06,0.04
10.78,1.61,-1.43,0.24,0.02,0.06
10.36,1.62,-1.42,0.30,0.02,0.07
9.89,1.53,-1.06,0.40,-0.10,0.08
9.79,1.43,-0.75,0.34,-0.14,0.06
9.90,1.28,-0.52,0.22,0.01,0.03
10.16,1.20,-0.44,0.16,0.04,-0.03
10.42,1.24,-0.34,0.13,0.04,-0.03
10.52,1.35,-0.31,0.12,0.03,-0.05
10.73,1.52,-0.20,0.09,0.14,0.01
10.59,1.55,-0.34,0.01,0.23,0.06
10.51,1.62,-0.49,0.05,0.17,0.09
10.45,1.66,-0.50,0.07,0.12,0.11
10.34,1.66,-0.57,0.11,0.05,0.13
10.35,1.68,-0.44,0.14,0.01,0.11
10.38,1.68,-0.45,0.09,0.06,0.09
10.34,1.69,-0.42,0.07,0.16,0.04
10.32,1.65,-0.52,0.02,0.27,0.06
10.24,1.61,-0.48,0.02,0.27,-0.04
10.22,1.59,-0.47,0.03,0.30,-0.05
10.26,1.58,-0.20,0.07,0.18,-0.01
10.33,1.58,-0.01,0.06,0.15,-0.01
10.35,1.54,0.13,-0.00,0.15,0.00
10.32,1.51,0.08,-0.03,0.12,-0.00
10.29,1.57,0.05,-0.05,0.18,-0.03
10.01,1.58,0.11,0.01,0.50,-0.15
10.43,1.54,0.08,-0.01,0.75,-0.20
10.29,1.61,0.17,0.04,0.59,-0.18
9.92,1.80,0.17,0.01,0.71,-0.20
10.95,1.47,0.29,0.15,0.26,-0.20
10.30,1.58,0.31,0.03,0.26,-0.00
10.26,1.48,0.33,-0.04,0.17,0.01
10.27,1.55,0.37,-0.03,0.12,0.01
10.29,1.53,0.33,-0.03,0.05,0.01
10.33,1.57,0.37,-0.03,0.02,-0.00
10.29,1.58,0.37,-0.04,0.01,-0.01
10.25,1.56,0.39,-0.05,-0.01,-0.02
10.19,1.51,0.38,-0.07,-0.02,-0.02
10.23,1.50,0.34,-0.10,-0.03,-0.03
10.32,1.49,0.35,-0.10,-0.03,-0.02
10.33,1.52,0.32,-0.09,-0.03,-0.01
10.34,1.57,0.30,-0.07,-0.03,-0.00
10.31,1.58,0.31,-0.04,-0.02,-0.00
10.35,1.61,0.33,-0.01,-0.01,0.00
10.20,1.65,0.43,0.02,0.03,0.05
10.13,1.68,0.53,0.03,0.01,0.02
10.07,1.68,0.57,-0.02,0.03,0.01
10.11,1.75,0.56,-0.06,0.01,-0.01
10.13,1.79,0.52,-0.08,-0.00,-0.02
10.17,1.84,0.45,-0.10,-0.01,-0.04
10.18,1.83,0.34,-0.12,-0.01,-0.06
10.23,1.75,0.32,-0.13,-0.02,-0.07
10.26,1.68,0.33,-0.12,-0.02,-0.07
10.33,1.65,0.34,-0.10,-0.02,-0.06
10.38,1.69,0.31,-0.08,-0.02,-0.05
10.33,1.70,0.26,-0.06,-0.02,-0.03
10.30,1.70,0.23,-0.04,-0.03,-0.02
10.35,1.66,0.26,-0.02,-0.04,-0.02
10.33,1.66,0.33,-0.02,-0.05,-0.01
10.31,1.65,0.36,-0.03,-0.04,-0.01
10.31,1.63,0.39,-0.05,-0.04,-0.02
10.27,1.63,0.37,-0.06,-0.04,-0.01
10.27,1.64,0.32,-0.07,-0.04,-0.01
10.27,1.63,0.28,-0.06,-0.04,-0.01
10.27,1.63,0.22,-0.05,-0.04,-0.00
10.27,1.67,0.26,-0.04,-0.04,0.01
10.27,1.69,0.26,-0.03,-0.05,0.01
10.20,1.67,0.30,-0.04,-0.04,0.00
10.21,1.66,0.34,-0.06,-0.04,-0.01
10.23,1.68,0.32,-0.07,-0.04,-0.02
10.22,1.68,0.32,-0.08,-0.03,-0.03
10.27,1.70,0.29,-0.08,-0.03,-0.03
10.29,1.70,0.23,-0.07,-0.03,-0.03
10.29,1.69,0.21,-0.05,-0.03,-0.02
10.30,1.65,0.18,-0.04,-0.04,-0.02
10.30,1.63,0.19,-0.02,-0.04,-0.01
10.31,1.60,0.26,-0.02,-0.04,-0.01
10.32,1.60,0.24,-0.03,-0.04,-0.00
10.25,1.57,0.20,-0.03,-0.05,-0.00
10.25,1.57,0.22,-0.04,-0.05,0.01
10.25,1.57,0.21,-0.03,-0.06,0.01
10.18,1.54,0.27,-0.03,-0.07,0.00
10.20,1.54,0.26,-0.05,-0.07,-0.01
10.24,1.50,0.23,-0.05,-0.07,-0.01
10.23,1.52,0.19,-0.05,-0.05,-0.01
10.27,1.48,0.13,-0.04,-0.04,-0.01
10.29,1.49,0.11,-0.04,-0.03,-0.01
10.29,1.47,0.14,-0.05,-0.02,-0.02
10.25,1.51,0.16,-0.08,-0.02,-0.03
10.24,1.51,0.20,-0.10,-0.03,-0.04
10.24,1.53,0.17,-0.11,-0.03,-0.05
10.29,1.55,0.18,-0.12,-0.04,-0.05
10.31,1.56,0.09,-0.12,-0.03,-0.05
10.31,1.56,0.07,-0.11,-0.03,-0.04
10.35,1.56,0.07,-0.11,-0.02,-0.04
10.35,1.56,0.06,-0.10,-0.02,-0.03
10.29,1.62,0.06,-0.09,-0.01,-0.03
10.26,1.65,0.13,-0.08,-0.01,-0.03
10.27,1.68,0.16,-0.07,-0.01,-0.03
10.31,1.71,0.22,-0.05,0.00,-0.03
10.32,1.73,0.16,-0.05,0.01,-0.03
10.31,1.70,0.15,-0.06,0.01,-0.04
10.30,1.61,0.13,-0.06,0.01,-0.05
10.31,1.58,0.12,-0.07,0.01,-0.05
10.33,1.58,0.07,-0.06,0.01,-0.05
10.32,1.58,0.11,-0.06,0.01,-0.05
10.30,1.54,0.09,-0.05,0.01,-0.05
10.32,1.51,0.10,-0.05,0.00,-0.05
10.31,1.49,0.11,-0.03,-0.00,-0.04
10.32,1.50,0.10,-0.03,-0.00,-0.04
10.36,1.45,0.11,-0.03,0.00,-0.03
10.39,1.43,0.09,-0.03,0.01,-0.03
10.39,1.45,0.08,-0.03,0.01,-0.02
10.36,1.42,0.04,-0.02,0.01,-0.02
10.36,1.43,0.06,-0.01,0.01,-0.01
10.36,1.44,0.05,-0.01,0.00,-0.01
10.32,1.46,0.09,0.00,0.01,-0.01
10.31,1.47,0.15,0.01,0.01,-0.01
10.33,1.46,0.18,0.01,0.02,-0.01
10.31,1.47,0.18,-0.01,0.03,-0.02
10.27,1.44,0.20,-0.03,0.03,-0.03
10.28,1.44,0.16,-0.05,0.02,-0.03
10.35,1.45,0.10,-0.06,0.02,-0.04
10.36,1.47,0.12,-0.06,0.02,-0.04
10.36,1.47,0.14,-0.05,0.01,-0.03
10.35,1.53,0.13,-0.03,0.01,-0.03
10.32,1.53,0.16,-0.01,0.03,-0.02
10.31,1.53,0.14,0.01,0.03,-0.01
10.33,1.50,0.18,0.01,0.03,-0.01
10.33,1.46,0.17,0.01,0.03,-0.01
10.30,1.47,0.16,-0.01,0.02,-0.01
10.29,1.52,0.20,-0.01,0.03,-0.02
10.29,1.55,0.22,0.00,0.03,-0.02
10.29,1.53,0.26,0.03,0.05,-0.03
10.24,1.50,0.28,0.03,0.05,-0.04
10.23,1.47,0.30,0.01,0.04,-0.04
10.27,1.46,0.29,0.00,0.04,-0.05
10.30,1.44,0.29,-0.01,0.05,-0.06
10.29,1.44,0.27,-0.01,0.06,-0.06
10.29,1.39,0.27,0.00,0.07,-0.06
10.30,1.38,0.33,-0.02,0.06,-0.07
10.37,1.35,0.32,-0.03,0.04,-0.06
10.36,1.35,0.30,-0.04,0.03,-0.05
10.37,1.35,0.26,-0.05,0.02,-0.05
10.39,1.32,0.19,-0.05,0.01,-0.04
10.42,1.29,0.16,-0.05,0.01,-0.03
10.40,1.30,0.13,-0.05,0.01,-0.03
10.37,1.32,0.14,-0.05,0.00,-0.02
10.40,1.34,0.19,-0.06,-0.00,-0.02
10.41,1.33,0.18,-0.06,-0.01,-0.02
10.41,1.34,0.17,-0.06,-0.01,-0.02
10.37,1.34,0.21,-0.06,-0.01,-0.02
10.35,1.39,0.25,-0.05,-0.01,-0.02
10.30,1.38,0.30,-0.05,-0.00,-0.01
10.27,1.41,0.33,-0.05,0.00,-0.01
10.25,1.42,0.33,-0.05,0.01,-0.02
10.24,1.46,0.31,-0.06,0.01,-0.02
10.26,1.50,0.33,-0.07,0.01,-0.03
10.29,1.51,0.30,-0.08,0.00,-0.03
10.30,1.53,0.28,-0.08,-0.00,-0.03
10.27,1.50,0.28,-0.08,-0.01,-0.03
10.28,1.50,0.27,-0.08,-0.01,-0.04
10.30,1.49,0.30,-0.08,-0.02,-0.04
10.30,1.48,0.27,-0.07,-0.01,-0.03
10.30,1.48,0.29,-0.07,-0.01,-0.03
10.29,1.48,0.33,-0.06,-0.01,-0.03
10.27,1.46,0.36,-0.06,-0.01,-0.04
10.26,1.48,0.35,-0.06,0.00,-0.04
10.23,1.50,0.33,-0.06,0.01,-0.04
10.25,1.51,0.31,-0.05,0.01,-0.04
10.28,1.48,0.29,-0.04,0.00,-0.04
10.32,1.43,0.29,-0.04,0.01,-0.04
10.32,1.42,0.31,-0.05,0.00,-0.04
10.35,1.44,0.32,-0.05,-0.00,-0.04
10.33,1.46,0.31,-0.06,-0.01,-0.04
10.30,1.42,0.30,-0.06,-0.01,-0.04
10.30,1.39,0.30,-0.06,-0.01,-0.05
10.31,1.35,0.35,-0.07,-0.01,-0.05
10.32,1.36,0.35,-0.07,-0.01,-0.04
10.34,1.38,0.30,-0.07,-0.00,-0.03
10.35,1.42,0.28,-0.06,-0.00,-0.02
10.35,1.41,0.24,-0.05,-0.00,-0.02
10.37,1.40,0.22,-0.04,-0.01,-0.01
10.36,1.46,0.23,-0.03,-0.01,-0.00
10.33,1.46,0.25,-0.02,-0.00,-0.00
10.30,1.46,0.25,-0.01,-0.00,0.00
10.29,1.45,0.28,-0.00,-0.01,-0.00
10.26,1.44,0.30,-0.01,-0.01,-0.01
10.26,1.42,0.35,-0.02,-0.02,-0.02
10.25,1.43,0.38,-0.02,-0.01,-0.03
10.26,1.43,0.40,-0.04,-0.01,-0.03
10.26,1.40,0.39,-0.05,-0.01,-0.04
10.26,1.35,0.35,-0.05,-0.00,-0.04
10.30,1.35,0.34,-0.05,-0.00,-0.04
10.35,1.40,0.32,-0.05,0.00,-0.03
10.35,1.43,0.30,-0.03,0.00,-0.02
10.32,1.45,0.26,-0.03,-0.00,-0.02
10.29,1.42,0.29,-0.02,-0.00,-0.02
10.32,1.41,0.32,-0.02,-0.00,-0.02
10.29,1.41,0.31,-0.02,-0.00,-0.03
10.28,1.41,0.35,-0.03,-0.01,-0.03
10.27,1.41,0.36,-0.04,-0.01,-0.04
10.30,1.41,0.39,-0.04,-0.01,-0.04
10.32,1.39,0.36,-0.05,-0.01,-0.05
10.34,1.39,0.29,-0.05,-0.01,-0.04
10.36,1.34,0.22,-0.04,-0.01,-0.04
10.32,1.33,0.23,-0.02,-0.01,-0.03
10.30,1.31,0.27,-0.02,-0.01,-0.03
10.31,1.30,0.25,-0.02,-0.01,-0.03
10.36,1.36,0.28,-0.02,-0.01,-0.03
10.35,1.41,0.28,-0.02,-0.00,-0.02
10.30,1.43,0.25,-0.01,-0.00,-0.02
10.29,1.39,0.26,-0.02,-0.01,-0.03
10.28,1.32,0.27,-0.02,-0.01,-0.03
10.32,1.32,0.28,-0.03,-0.01,-0.04
10.33,1.33,0.32,-0.04,-0.01,-0.04
10.34,1.31,0.25,-0.04,-0.01,-0.04
10.34,1.32,0.23,-0.04,-0.01,-0.04
10.34,1.30,0.25,-0.05,-0.01,-0.04
10.35,1.29,0.22,-0.05,-0.02,-0.04
10.36,1.28,0.21,-0.05,-0.02,-0.04
10.37,1.29,0.21,-0.05,-0.02,-0.04
10.35,1.31,0.20,-0.05,-0.02,-0.03
10.32,1.32,0.25,-0.04,-0.02,-0.03
10.34,1.35,0.28,-0.04,-0.02,-0.03
10.34,1.37,0.31,-0.04,-0.02,-0.03
10.32,1.35,0.30,-0.05,-0.01,-0.03
10.30,1.34,0.29,-0.05,-0.00,-0.04
10.30,1.32,0.30,-0.06,-0.01,-0.04
10.30,1.36,0.27,-0.06,-0.01,-0.04
10.30,1.41,0.25,-0.07,-0.01,-0.04
10.32,1.36,0.25,-0.08,-0.01,-0.05
10.34,1.38,0.22,-0.08,-0.02,-0.05
10.34,1.35,0.21,-0.08,-0.02,-0.05
10.33,1.32,0.18,-0.07,-0.02,-0.05
10.36,1.32,0.21,-0.07,-0.02,-0.05
10.32,1.31,0.22,-0.06,-0.02,-0.04
