5.26,4.58,6.12,0.07,0.03,-0.18
5.26,4.55,6.11,0.09,0.06,-0.17
5.28,4.49,6.10,0.10,0.07,-0.17
5.31,4.49,6.09,0.09,0.08,-0.18
5.37,4.46,6.11,0.09,0.07,-0.20
5.40,4.44,6.13,0.07,0.07,-0.22
5.42,4.42,6.13,0.04,0.07,-0.23
5.45,4.41,6.11,0.03,0.05,-0.23
5.47,4.42,6.11,0.02,0.03,-0.22
5.44,4.38,6.11,0.01,0.02,-0.22
5.43,4.40,6.11,0.01,-0.01,-0.20
5.37,4.35,6.11,0.01,-0.02,-0.19
5.30,4.30,6.06,0.01,-0.01,-0.17
5.27,4.28,6.07,0.01,-0.01,-0.15
5.28,4.29,6.09,-0.00,-0.01,-0.14
5.24,4.27,6.11,-0.02,-0.01,-0.12
5.26,4.27,6.12,-0.03,0.00,-0.11
5.28,4.27,6.12,-0.04,0.00,-0.10
5.31,4.27,6.08,-0.04,0.00,-0.08
5.30,4.28,6.10,-0.04,-0.01,-0.06
5.35,4.26,6.08,-0.06,-0.02,-0.04
5.34,4.26,6.12,-0.06,-0.04,-0.02
5.33,4.26,6.11,-0.08,-0.07,-0.00
5.29,4.27,6.11,-0.11,-0.10,0.01
5.26,4.29,6.16,-0.14,-0.10,0.01
5.22,4.30,6.19,-0.17,-0.09,0.02
5.20,4.34,6.20,-0.19,-0.08,0.03
5.15,4.37,6.25,-0.21,-0.08,0.05
5.14,4.41,6.22,-0.21,-0.08,0.07
5.18,4.47,6.24,-0.20,-0.09,0.08
5.20,4.54,6.20,-0.19,-0.09,0.10
5.19,4.55,6.18,-0.18,-0.10,0.11
5.16,4.55,6.18,-0.17,-0.11,0.12
5.13,4.59,6.20,-0.17,-0.11,0.11
5.11,4.58,6.26,-0.18,-0.09,0.11
5.10,4.59,6.24,-0.17,-0.06,0.10
5.11,4.61,6.21,-0.18,-0.03,0.10
5.12,4.62,6.18,-0.16,-0.02,0.09
5.16,4.65,6.15,-0.15,-0.03,0.09
5.19,4.67,6.17,-0.14,-0.03,0.09
5.19,4.71,6.13,-0.13,-0.03,0.09
5.23,4.72,6.15,-0.13,-0.03,0.08
5.20,4.69,6.12,-0.12,-0.03,0.06
5.19,4.69,6.11,-0.11,-0.01,0.05
5.18,4.69,6.16,-0.11,-0.01,0.03
5.17,4.70,6.13,-0.10,-0.01,0.02
5.18,4.71,6.12,-0.09,-0.00,0.01
5.20,4.71,6.08,-0.08,0.00,-0.00
5.18,4.70,6.07,-0.07,0.00,-0.01
5.18,4.69,6.07,-0.06,0.00,-0.02
5.19,4.65,6.09,-0.06,-0.02,-0.04
5.20,4.62,6.11,-0.06,-0.02,-0.05
5.19,4.62,6.11,-0.05,-0.02,-0.06
5.16,4.60,6.12,-0.04,-0.02,-0.08
5.16,4.64,6.15,-0.04,-0.01,-0.08
5.18,4.62,6.15,-0.03,-0.00,-0.08
5.18,4.60,6.16,-0.03,0.01,-0.08
5.19,4.59,6.16,-0.02,0.02,-0.09
5.18,4.57,6.16,-0.01,0.02,-0.10
5.19,4.57,6.16,-0.01,0.02,-0.11
5.19,4.51,6.14,-0.00,0.01,-0.12
5.25,4.52,6.16,0.01,0.01,-0.12
5.24,4.49,6.18,0.01,0.02,-0.11
5.27,4.46,6.22,0.02,0.02,-0.11
5.25,4.45,6.21,0.01,0.02,-0.12
5.29,4.43,6.23,-0.01,0.01,-0.13
5.29,4.43,6.26,-0.02,-0.00,-0.14
5.29,4.40,6.26,-0.04,-0.01,-0.14
5.25,4.39,6.30,-0.06,-0.01,-0.14
5.20,4.35,6.34,-0.07,-0.01,-0.12
5.12,4.31,6.37,-0.06,0.01,-0.11
5.07,4.32,6.41,-0.06,0.03,-0.09
5.11,4.35,6.44,-0.05,0.05,-0.06
5.12,4.38,6.48,-0.04,0.08,-0.03
5.14,4.41,6.55,-0.02,0.11,0.01
5.10,4.41,6.55,-0.01,0.15,0.05
5.18,4.44,6.54,0.01,0.20,0.08
5.36,4.51,6.55,0.03,0.25,0.11
5.60,4.68,6.55,0.03,0.33,0.10
6.01,4.98,6.71,0.06,0.44,0.09
6.41,5.01,6.64,0.13,0.57,0.11
6.95,4.84,6.26,0.26,0.71,0.24
7.63,4.25,5.48,0.57,0.78,0.47
8.36,3.57,5.00,1.00,0.86,0.65
9.20,2.45,4.69,1.32,0.84,0.72
9.64,1.73,4.51,1.45,0.80,0.98
10.25,1.18,4.55,1.32,0.78,1.21
10.05,1.08,4.61,1.07,0.76,1.42
10.19,1.06,4.56,0.76,0.72,1.63
10.11,1.29,4.56,0.55,0.68,1.82
10.11,1.58,4.57,0.43,0.68,1.94
9.96,1.91,4.71,0.36,0.66,2.06
9.73,2.21,4.86,0.29,0.59,2.20
9.40,2.50,4.91,0.21,0.53,2.33
8.92,2.80,4.92,0.13,0.49,2.43
8.47,3.07,4.92,0.05,0.45,2.48
8.09,3.32,4.87,-0.02,0.40,2.49
7.95,3.64,4.90,-0.11,0.31,2.45
7.91,4.07,5.26,-0.21,0.15,2.37
7.84,4.53,5.70,-0.33,-0.05,2.25
7.90,4.86,6.26,-0.44,-0.26,2.11
7.92,5.20,6.86,-0.58,-0.43,1.96
7.84,5.48,7.35,-0.74,-0.56,1.84
7.76,5.76,7.79,-0.83,-0.69,1.79
7.37,5.97,8.00,-0.82,-0.77,1.82
6.82,6.10,7.94,-0.73,-0.77,1.89
6.12,6.09,7.66,-0.60,-0.72,1.94
5.34,5.95,7.30,-0.47,-0.68,1.96
4.54,5.74,6.88,-0.37,-0.74,1.96
3.84,5.51,6.58,-0.36,-0.81,1.86
3.26,5.33,6.42,-0.41,-0.87,1.69
2.60,5.20,6.40,-0.51,-0.92,1.45
2.07,5.06,6.49,-0.60,-0.94,1.18
1.80,5.06,6.62,-0.66,-0.93,0.90
1.71,5.08,6.79,-0.76,-0.88,0.64
1.85,5.24,7.04,-0.88,-0.77,0.39
2.04,5.59,7.30,-0.99,-0.64,0.19
2.29,6.04,7.52,-1.08,-0.53,0.06
2.57,6.44,7.63,-1.09,-0.43,-0.04
2.83,6.86,7.64,-1.01,-0.34,-0.15
2.97,7.23,7.62,-0.85,-0.25,-0.27
2.94,7.52,7.66,-0.66,-0.19,-0.42
2.91,7.66,7.72,-0.42,-0.16,-0.65
2.77,7.62,7.64,-0.18,-0.11,-1.01
2.70,7.42,7.73,0.01,-0.00,-1.45
2.86,7.11,7.92,0.19,0.14,-1.89
3.30,6.89,8.12,0.31,0.33,-2.24
4.00,6.79,8.42,0.41,0.56,-2.51
4.87,6.85,8.78,0.51,0.79,-2.70
5.73,6.96,8.99,0.61,1.01,-2.81
6.56,7.10,9.20,0.72,1.23,-2.88
7.16,7.18,9.22,0.84,1.40,-2.90
7.57,7.12,9.12,0.99,1.53,-2.88
7.83,6.98,8.86,1.15,1.62,-2.84
7.99,6.79,8.63,1.31,1.70,-2.78
8.25,6.67,8.56,1.43,1.80,-2.72
8.56,6.58,8.75,1.54,1.89,-2.67
8.86,6.56,9.01,1.62,1.92,-2.61
9.05,6.46,9.08,1.68,1.91,-2.53
9.17,6.30,8.93,1.71,1.87,-2.45
9.39,6.17,8.85,1.70,1.81,-2.36
9.58,6.05,8.80,1.65,1.79,-2.30
9.79,5.94,8.79,1.56,1.77,-2.25
9.93,5.74,8.73,1.44,1.73,-2.20
9.85,5.50,8.45,1.27,1.67,-2.16
9.64,5.32,8.05,1.06,1.60,-2.13
9.32,5.08,7.41,0.85,1.51,-2.09
8.99,4.87,6.74,0.67,1.41,-2.04
8.56,4.67,5.99,0.52,1.30,-2.00
8.12,4.49,5.23,0.41,1.14,-1.90
7.70,4.28,4.62,0.35,0.93,-1.77
7.22,4.08,4.06,0.31,0.70,-1.62
6.78,3.84,3.69,0.26,0.52,-1.49
6.35,3.60,3.47,0.24,0.37,-1.36
6.03,3.39,3.35,0.22,0.25,-1.22
5.78,3.17,3.30,0.18,0.16,-1.09
5.57,3.01,3.34,0.11,0.09,-0.95
5.54,2.95,3.50,0.01,0.04,-0.81
5.63,2.91,3.65,-0.10,0.00,-0.66
5.70,2.94,3.82,-0.20,-0.03,-0.49
5.75,2.92,3.90,-0.29,-0.08,-0.29
5.88,2.93,3.96,-0.38,-0.16,-0.05
6.00,2.98,4.05,-0.46,-0.23,0.22
6.15,3.07,4.18,-0.53,-0.27,0.51
6.28,3.20,4.33,-0.61,-0.28,0.81
6.40,3.33,4.54,-0.67,-0.28,1.11
6.53,3.56,4.75,-0.74,-0.30,1.40
6.77,3.76,5.04,-0.80,-0.36,1.66
7.05,3.99,5.37,-0.86,-0.46,1.89
7.31,4.25,5.83,-0.96,-0.60,2.11
7.58,4.50,6.22,-1.07,-0.74,2.31
7.84,4.87,6.69,-1.21,-0.87,2.48
7.91,5.21,7.06,-1.35,-0.99,2.62
7.92,5.53,7.36,-1.46,-1.09,2.72
7.93,5.91,7.62,-1.49,-1.18,2.80
7.87,6.25,7.86,-1.45,-1.23,2.88
7.70,6.53,8.08,-1.33,-1.28,2.98
7.42,6.75,8.39,-1.19,-1.28,3.07
7.01,6.70,8.43,-1.01,-1.26,3.13
6.61,6.63,8.32,-0.85,-1.22,3.10
6.40,6.63,8.46,-0.78,-1.20,2.98
6.27,6.71,8.67,-0.77,-1.23,2.81
6.15,6.76,8.94,-0.76,-1.30,2.64
5.97,6.71,9.16,-0.73,-1.37,2.49
5.72,6.61,9.30,-0.71,-1.43,2.32
4.64,6.25,9.50,-0.71,-1.42,1.91
4.33,6.13,9.39,-0.73,-1.31,1.76
4.09,6.06,9.24,-0.78,-1.20,1.61
3.84,6.12,9.03,-0.87,-1.13,1.51
3.57,6.23,8.86,-0.96,-1.09,1.45
3.28,6.44,8.66,-1.00,-1.10,1.40
2.93,6.68,8.47,-0.99,-1.14,1.35
2.49,6.95,8.35,-0.99,-1.15,1.28
2.00,7.06,8.33,-0.98,-1.11,1.16
1.44,7.10,8.26,-0.99,-0.99,0.95
1.00,7.13,8.18,-1.02,-0.80,0.64
0.87,7.16,8.00,-1.04,-0.55,0.29
0.92,7.38,7.82,-1.03,-0.29,-0.01
1.18,7.70,7.58,-0.96,-0.02,-0.23
1.53,7.96,7.31,-0.80,0.21,-0.36
1.95,8.16,7.14,-0.63,0.43,-0.47
2.41,8.25,7.07,-0.42,0.63,-0.62
2.91,8.28,7.11,-0.20,0.81,-0.82
3.44,8.23,7.22,0.01,0.94,-1.07
3.99,8.15,7.30,0.24,1.01,-1.33
4.61,8.05,7.48,0.44,1.07,-1.57
5.32,8.00,7.73,0.63,1.15,-1.76
6.16,7.97,8.11,0.81,1.25,-1.89
6.95,8.00,8.52,0.96,1.37,-1.99
7.62,7.96,8.82,1.08,1.48,-2.06
8.05,7.87,8.95,1.14,1.54,-2.14
8.24,7.72,8.87,1.17,1.54,-2.24
8.15,7.58,8.56,1.18,1.49,-2.38
7.82,7.41,8.15,1.18,1.39,-2.54
7.40,7.16,7.66,1.21,1.26,-2.71
6.97,6.83,7.18,1.28,1.15,-2.89
6.59,6.61,6.93,1.37,1.07,-3.07
6.59,6.51,7.22,1.47,1.03,-3.23
7.09,6.49,8.03,1.60,1.09,-3.34
7.98,6.55,8.94,1.75,1.28,-3.34
9.29,6.48,9.84,1.89,1.48,-3.19
10.25,6.42,10.54,1.98,1.82,-2.94
11.19,6.37,10.62,1.96,2.14,-2.72
11.65,6.22,10.25,1.90,2.28,-2.43
11.49,5.99,9.64,1.79,2.24,-2.21
9.84,5.20,7.23,1.49,1.73,-1.69
8.99,4.69,6.25,1.49,1.55,-1.48
8.16,4.12,5.27,1.50,1.44,-1.28
7.25,3.59,4.33,1.49,1.31,-1.11
6.33,3.12,3.51,1.44,1.10,-0.98
5.53,2.67,3.02,1.32,0.88,-0.90
4.97,2.22,2.80,1.14,0.65,-0.87
4.62,1.92,2.76,0.91,0.43,-0.87
4.46,1.73,2.85,0.61,0.19,-0.87
4.32,1.71,3.08,0.26,-0.03,-0.88
4.36,1.81,3.34,-0.07,-0.21,-0.86
4.53,1.95,3.57,-0.35,-0.31,-0.81
4.89,2.18,3.87,-0.56,-0.32,-0.69
5.24,2.41,4.09,-0.72,-0.29,-0.49
5.66,2.61,4.18,-0.84,-0.22,-0.21
6.03,2.84,4.24,-0.92,-0.16,0.13
6.34,3.11,4.26,-0.97,-0.14,0.51
6.62,3.34,4.41,-1.00,-0.19,0.88
6.86,3.59,4.66,-1.01,-0.31,1.22
7.16,3.86,5.01,-1.08,-0.47,1.55
7.39,4.10,5.43,-1.16,-0.62,1.83
7.70,4.34,5.93,-1.27,-0.70,2.07
8.14,4.62,6.45,-1.38,-0.74,2.27
8.61,4.98,6.95,-1.46,-0.78,2.47
8.90,5.32,7.22,-1.53,-0.82,2.68
8.93,5.63,7.07,-1.58,-0.90,2.89
8.75,5.95,6.85,-1.61,-1.02,3.09
8.32,6.34,6.81,-1.61,-1.12,3.23
7.73,6.57,7.02,-1.52,-1.17,3.25
7.29,6.71,7.66,-1.35,-1.16,3.18
7.16,6.78,8.58,-1.14,-1.16,3.13
7.31,6.94,9.51,-0.98,-1.18,3.15
7.61,7.11,10.23,-0.95,-1.20,3.21
7.84,7.32,10.62,-1.00,-1.19,3.23
7.87,7.64,10.80,-1.09,-1.20,3.21
7.88,7.93,10.70,-1.19,-1.26,3.11
7.81,7.98,10.41,-1.28,-1.40,2.99
7.48,8.07,10.07,-1.28,-1.55,2.85
7.04,7.98,9.57,-1.25,-1.59,2.73
6.54,7.77,9.27,-1.25,-1.61,2.64
6.08,7.79,9.05,-1.19,-1.60,2.56
5.56,7.68,8.85,-1.19,-1.57,2.49
5.20,7.72,8.77,-1.19,-1.50,2.37
4.90,7.75,8.73,-1.18,-1.39,2.22
4.41,7.71,8.68,-1.22,-1.33,2.04
4.05,7.68,8.67,-1.28,-1.25,1.81
3.57,7.65,8.65,-1.35,-1.18,1.54
3.05,7.67,8.62,-1.43,-1.11,1.28
2.54,7.84,8.61,-1.52,-1.02,1.03
2.11,8.03,8.65,-1.55,-0.94,0.84
1.66,8.29,8.54,-1.45,-0.90,0.70
1.16,8.58,8.29,-1.28,-0.75,0.58
0.82,8.75,8.03,-1.03,-0.53,0.49
0.65,8.87,7.72,-0.72,-0.23,0.41
0.64,9.00,7.49,-0.45,0.10,0.28
0.84,9.04,7.35,-0.18,0.40,0.05
1.21,9.03,7.20,0.07,0.64,-0.27
1.78,8.86,7.10,0.27,0.83,-0.65
2.49,8.62,7.12,0.45,0.97,-1.03
3.12,8.43,7.12,0.64,1.07,-1.37
3.71,8.28,7.29,0.84,1.17,-1.62
4.43,8.21,7.53,1.04,1.25,-1.81
5.25,8.28,7.90,1.19,1.28,-1.93
6.00,8.46,8.18,1.25,1.32,-2.03
6.78,8.75,8.61,1.26,1.40,-2.22
7.50,9.14,9.19,1.28,1.50,-2.48
8.21,9.45,9.68,1.34,1.54,-2.70
9.12,9.72,10.14,1.41,1.60,-2.90
9.70,9.93,10.39,1.52,1.62,-3.07
10.07,10.06,10.37,1.68,1.59,-3.20
9.95,9.94,10.07,1.88,1.53,-3.30
9.65,9.50,9.67,2.14,1.49,-3.40
9.34,8.95,9.36,2.40,1.47,-3.53
9.31,8.41,9.52,2.65,1.45,-3.63
9.67,7.77,9.99,2.88,1.46,-3.68
10.18,7.20,10.62,3.01,1.58,-3.67
12.02,6.47,10.94,3.07,1.71,-3.58
12.17,6.51,11.25,2.91,1.91,-3.38
13.00,6.22,11.08,2.72,2.06,-3.15
12.83,6.05,10.48,2.44,2.02,-2.99
12.28,5.68,9.56,2.13,1.75,-2.81
11.41,5.26,8.41,1.84,1.39,-2.65
10.47,4.70,7.23,1.58,1.08,-2.53
9.48,4.12,6.23,1.37,0.85,-2.43
8.42,3.54,5.25,1.17,0.69,-2.33
7.39,2.98,4.44,0.97,0.56,-2.23
6.46,2.43,3.79,0.79,0.43,-2.11
5.68,2.03,3.11,0.64,0.30,-1.95
5.05,1.71,2.79,0.48,0.20,-1.78
4.65,1.49,2.52,0.35,0.14,-1.57
4.49,1.30,2.38,0.22,0.14,-1.32
4.48,1.24,2.35,0.06,0.15,-1.04
4.60,1.26,2.51,-0.12,0.14,-0.75
4.86,1.41,2.77,-0.30,0.09,-0.43
5.12,1.68,3.05,-0.49,0.01,-0.10
5.39,1.98,3.26,-0.63,-0.05,0.20
5.62,2.32,3.39,-0.75,-0.08,0.50
5.85,2.65,3.51,-0.86,-0.10,0.79
6.21,2.95,3.70,-0.96,-0.11,1.07
6.52,3.18,3.88,-1.05,-0.12,1.30
6.91,3.40,3.95,-1.18,-0.18,1.51
7.10,3.59,4.15,-1.32,-0.35,1.66
7.28,3.76,4.42,-1.46,-0.61,1.78
7.56,3.97,4.68,-1.61,-0.87,1.86
7.90,4.20,5.25,-1.70,-1.08,1.93
8.44,4.56,5.92,-1.78,-1.19,2.06
9.17,4.94,6.58,-1.83,-1.20,2.29
9.88,5.31,7.03,-1.86,-1.14,2.56
10.36,5.77,7.34,-1.88,-1.10,2.84
10.72,6.28,7.54,-1.82,-1.14,3.14
11.02,6.64,7.52,-1.71,-1.24,3.49
11.13,6.96,7.45,-1.58,-1.26,3.77
11.22,7.28,7.47,-1.41,-1.24,4.03
11.45,7.69,7.73,-1.24,-1.19,4.26
11.85,8.12,8.24,-1.06,-1.11,4.44
12.26,8.55,8.95,-0.91,-1.06,4.56
12.43,8.77,9.76,-0.85,-1.10,4.61
12.27,9.05,10.74,-1.02,-1.28,4.52
11.54,9.33,11.46,-1.34,-1.63,4.30
10.73,9.54,11.91,-1.67,-1.99,3.97
9.95,9.61,11.82,-1.95,-2.19,3.53
9.00,9.63,11.61,-2.12,-2.27,3.09
8.08,9.59,11.26,-2.14,-2.25,2.67
7.28,9.39,10.81,-2.02,-2.15,2.35
6.63,9.17,10.45,-1.81,-2.02,2.14
5.99,9.04,10.07,-1.57,-1.90,2.10
5.49,8.89,9.91,-1.30,-1.79,2.17
4.92,8.64,9.85,-0.97,-1.65,2.32
4.30,8.46,9.70,-0.69,-1.51,2.43
3.70,8.25,9.62,-0.52,-1.34,2.48
3.19,8.12,9.62,-0.46,-1.16,2.42
2.13,8.05,9.57,-0.52,-1.00,2.20
1.43,8.08,9.57,-0.62,-0.90,1.88
0.95,8.14,9.38,-0.74,-0.80,1.49
0.59,8.36,9.10,-0.82,-0.69,1.05
0.37,8.59,8.69,-0.87,-0.55,0.60
0.30,8.73,8.23,-0.86,-0.38,0.14
0.39,8.73,7.86,-0.75,-0.19,-0.33
0.69,8.61,7.49,-0.55,0.05,-0.76
1.19,8.36,7.25,-0.32,0.33,-1.12
1.81,8.05,7.09,-0.07,0.67,-1.40
2.53,7.74,6.97,0.19,1.00,-1.59
3.17,7.51,6.95,0.45,1.26,-1.73
4.02,7.39,6.97,0.67,1.48,-1.88
4.95,7.36,7.17,0.86,1.63,-2.02
6.02,7.49,7.65,1.04,1.71,-2.16
6.84,7.70,8.18,1.20,1.75,-2.29
8.16,7.93,8.55,1.28,1.82,-2.44
9.14,8.21,9.18,1.37,1.84,-2.51
10.02,8.63,9.79,1.42,1.92,-2.63
10.87,8.97,10.23,1.48,1.97,-2.72
11.44,9.28,10.48,1.56,2.02,-2.84
11.75,9.39,10.23,1.76,1.95,-2.98
11.70,9.40,9.75,1.93,1.87,-3.20
11.83,9.18,9.22,2.13,1.74,-3.49
11.85,8.78,8.76,2.37,1.56,-3.87
12.07,8.24,8.87,2.60,1.54,-4.32
12.45,7.71,9.52,2.76,1.58,-4.74
12.85,6.99,10.14,2.83,1.53,-5.00
12.87,6.44,10.46,2.85,1.53,-5.07
13.72,5.78,10.56,2.65,1.57,-4.88
13.77,5.32,10.36,2.28,1.64,-4.46
13.23,4.94,9.69,1.87,1.61,-3.86
12.40,4.63,8.54,1.45,1.55,-3.22
11.43,4.43,7.29,1.12,1.51,-2.68
10.44,4.31,6.08,0.88,1.46,-2.31
9.63,4.23,5.09,0.72,1.35,-2.08
8.94,4.13,4.44,0.63,1.20,-1.94
8.33,3.86,3.97,0.60,0.96,-1.86
7.79,3.50,3.65,0.60,0.70,-1.79
7.30,3.12,3.32,0.56,0.49,-1.66
6.94,2.69,3.12,0.47,0.37,-1.46
6.65,2.45,2.96,0.32,0.30,-1.24
6.33,2.34,2.96,0.13,0.22,-1.01
6.10,2.38,3.00,-0.08,0.09,-0.81
5.90,2.47,3.12,-0.29,-0.06,-0.64
5.81,2.62,3.27,-0.45,-0.20,-0.49
5.78,2.81,3.54,-0.59,-0.32,-0.34
5.81,2.97,3.79,-0.68,-0.41,-0.17
5.94,3.09,4.01,-0.73,-0.45,0.05
6.22,3.25,4.20,-0.76,-0.43,0.28
6.46,3.37,4.29,-0.76,-0.38,0.54
6.64,3.44,4.34,-0.79,-0.37,0.82
6.76,3.55,4.39,-0.82,-0.42,1.07
6.88,3.61,4.38,-0.88,-0.52,1.29
6.97,3.69,4.39,-0.94,-0.63,1.49
7.10,3.81,4.55,-1.00,-0.74,1.65
7.30,3.95,4.87,-1.06,-0.86,1.81
7.74,4.15,5.34,-1.13,-0.95,2.01
8.21,4.41,5.91,-1.21,-1.00,2.23
8.80,4.75,6.60,-1.30,-1.01,2.47
9.30,5.15,7.18,-1.36,-1.00,2.75
9.87,5.52,7.46,-1.40,-0.97,3.04
10.26,5.85,7.42,-1.38,-0.94,3.35
10.44,6.20,7.04,-1.39,-0.92,3.64
10.34,6.50,6.68,-1.39,-0.94,3.84
10.23,6.77,6.48,-1.35,-1.06,3.96
10.17,6.96,6.65,-1.26,-1.27,3.97
10.30,7.18,7.39,-1.18,-1.53,3.89
10.47,7.23,8.47,-1.16,-1.78,3.80
10.32,7.41,9.62,-1.25,-2.05,3.70
10.27,7.56,10.73,-1.49,-2.29,3.57
10.11,7.83,11.55,-1.74,-2.42,3.39
10.21,8.26,12.11,-1.95,-2.40,3.15
10.19,8.81,12.48,-2.08,-2.27,2.87
10.00,9.24,12.63,-2.13,-2.14,2.63
9.58,9.48,12.39,-2.08,-2.05,2.45
8.81,9.50,11.86,-1.93,-1.99,2.33
7.70,9.31,11.22,-1.68,-1.97,2.25
6.25,9.04,10.60,-1.38,-1.98,2.21
4.67,8.68,10.20,-1.07,-1.99,2.15
3.41,8.21,9.95,-0.80,-1.91,1.98
1.99,7.72,9.82,-0.61,-1.87,1.77
1.13,7.12,9.67,-0.47,-1.68,1.49
0.62,6.69,9.37,-0.38,-1.48,1.11
0.20,6.26,8.94,-0.43,-1.25,0.77
0.17,5.99,8.62,-0.58,-0.89,0.45
0.34,5.92,8.30,-0.74,-0.52,0.16
0.57,6.01,8.01,-0.88,-0.19,-0.07
1.03,6.21,7.74,-0.92,0.10,-0.21
1.47,6.41,7.42,-0.88,0.38,-0.29
1.92,6.69,7.19,-0.79,0.67,-0.34
2.26,6.99,6.94,-0.65,0.89,-0.35
2.68,7.29,6.80,-0.53,1.06,-0.39
3.12,7.57,6.55,-0.41,1.21,-0.49
3.65,7.84,6.37,-0.28,1.37,-0.68
4.17,8.09,6.27,-0.15,1.52,-0.96
4.75,8.41,6.25,0.09,1.61,-1.34
5.81,8.66,6.25,0.33,1.56,-1.63
6.50,8.70,6.75,0.57,1.64,-1.93
7.57,8.87,7.51,0.74,1.73,-2.19
8.90,9.08,8.42,0.93,1.78,-2.37
10.07,9.42,9.30,1.06,1.88,-2.52
11.08,9.73,10.15,1.19,2.01,-2.67
11.81,9.83,10.37,1.40,2.12,-2.81
11.91,9.71,9.86,1.61,2.16,-2.99
11.21,9.11,8.83,1.87,2.06,-3.23
10.38,8.65,7.95,2.12,1.84,-3.55
10.21,8.32,7.89,2.25,1.61,-3.88
10.77,7.99,8.56,2.34,1.46,-4.19
11.48,7.85,9.59,2.41,1.49,-4.41
13.40,7.60,10.73,2.45,1.69,-4.58
14.11,7.54,11.57,2.44,2.02,-4.61
14.47,7.34,11.98,2.36,2.34,-4.51
14.95,7.00,11.82,2.13,2.42,-4.28
14.57,6.61,10.88,1.85,2.36,-3.96
13.75,6.18,9.26,1.61,2.24,-3.64
12.78,5.98,7.74,1.39,2.11,-3.34
11.80,5.86,6.48,1.24,1.88,-3.11
10.77,5.48,5.58,1.21,1.57,-2.92
9.96,5.17,4.85,1.26,1.30,-2.77
9.29,4.62,4.24,1.36,1.05,-2.62
8.66,4.05,3.77,1.44,0.84,-2.45
8.02,3.47,3.37,1.47,0.68,-2.22
7.40,2.94,3.16,1.43,0.53,-1.98
6.94,2.52,3.04,1.31,0.39,-1.75
6.63,2.20,3.01,1.12,0.26,-1.55
6.41,1.98,3.06,0.87,0.13,-1.37
6.16,1.89,3.20,0.58,-0.05,-1.21
6.02,1.87,3.42,0.27,-0.26,-1.05
6.00,1.97,3.55,0.00,-0.45,-0.90
6.04,2.14,3.64,-0.26,-0.59,-0.72
6.08,2.27,3.77,-0.47,-0.66,-0.52
6.23,2.38,3.84,-0.62,-0.69,-0.27
6.46,2.54,3.90,-0.73,-0.71,0.05
6.68,2.71,3.94,-0.81,-0.73,0.44
6.86,2.90,3.93,-0.87,-0.79,0.85
6.99,3.07,3.98,-0.93,-0.88,1.22
7.14,3.28,4.08,-0.98,-1.00,1.56
7.42,3.54,4.36,-1.04,-1.12,1.85
7.69,3.77,4.73,-1.11,-1.23,2.09
8.05,3.94,5.28,-1.18,-1.31,2.32
8.59,4.13,5.95,-1.27,-1.39,2.58
9.36,4.40,6.75,-1.37,-1.49,2.89
10.25,4.75,7.59,-1.52,-1.56,3.26
11.12,5.26,8.38,-1.70,-1.58,3.62
11.77,5.89,9.10,-1.90,-1.64,3.99
12.23,6.60,9.71,-2.08,-1.73,4.35
12.51,7.24,10.01,-2.20,-1.80,4.67
12.44,7.86,9.98,-2.28,-1.86,4.94
11.93,8.35,9.77,-2.27,-1.97,5.13
11.26,8.76,9.77,-2.24,-2.18,5.18
10.74,9.09,10.29,-2.26,-2.48,5.00
10.34,9.29,11.11,-2.36,-2.90,4.64
9.81,9.33,11.72,-2.48,-3.28,4.15
9.45,9.41,12.11,-2.53,-3.26,3.49
9.02,9.46,12.59,-2.57,-3.25,2.85
8.55,9.45,12.80,-2.52,-3.19,2.26
8.30,9.50,12.88,-2.36,-3.10,1.80
8.19,9.61,12.62,-2.13,-2.86,1.53
8.18,9.64,12.25,-1.76,-2.49,1.45
7.93,9.53,11.66,-1.26,-2.07,1.52
7.04,9.20,10.94,-0.74,-1.70,1.66
6.08,8.68,10.36,-0.20,-1.46,1.80
4.84,8.08,9.76,0.28,-1.34,1.90
3.61,7.33,9.31,0.57,-1.21,1.86
2.50,6.52,8.99,0.74,-1.04,1.67
1.60,5.88,8.77,0.77,-0.77,1.38
1.17,5.51,8.72,0.64,-0.57,1.07
0.79,5.15,8.40,0.43,-0.45,0.73
0.57,4.96,8.07,0.12,-0.27,0.37
0.54,4.98,7.72,-0.23,-0.07,0.02
0.66,5.13,7.39,-0.55,0.15,-0.31
0.96,5.40,7.20,-0.76,0.35,-0.62
1.35,5.71,6.99,-0.82,0.54,-0.85
1.72,6.10,6.79,-0.77,0.71,-0.99
2.17,6.45,6.72,-0.64,0.87,-1.06
2.67,6.75,6.77,-0.47,1.06,-1.11
3.29,7.05,6.89,-0.28,1.28,-1.18
4.14,7.32,7.15,-0.08,1.53,-1.29
5.06,7.65,7.48,0.09,1.74,-1.45
6.06,7.99,7.86,0.24,1.88,-1.65
7.09,8.39,8.32,0.40,2.01,-1.88
8.20,8.76,8.92,0.53,2.15,-2.13
9.32,9.12,9.51,0.69,2.25,-2.33
10.39,9.44,10.19,0.86,2.31,-2.47
11.43,9.79,10.87,1.01,2.44,-2.66
12.06,9.96,11.41,1.19,2.53,-2.80
12.05,9.87,11.31,1.51,2.58,-3.03
11.34,9.46,10.32,1.87,2.54,-3.25
10.53,8.79,9.35,2.20,2.39,-3.47
10.32,8.32,9.05,2.50,2.21,-3.67
10.98,8.02,9.76,2.71,2.10,-3.88
11.97,7.81,10.88,2.85,2.11,-4.05
13.22,7.71,12.25,2.88,2.29,-4.14
15.33,6.96,13.07,2.97,2.56,-4.07
15.25,7.18,13.32,2.87,2.85,-3.90
15.41,6.82,12.99,2.67,3.08,-3.56
14.95,6.30,11.40,2.29,3.08,-3.14
13.85,5.96,9.46,1.92,2.92,-2.75
12.86,5.86,7.46,1.64,2.63,-2.47
11.55,5.54,6.01,1.49,2.32,-2.27
10.53,5.32,4.89,1.45,2.01,-2.21
9.53,4.95,4.20,1.53,1.60,-2.23
8.71,4.42,3.75,1.65,1.16,-2.28
8.03,3.81,3.38,1.69,0.82,-2.26
7.39,3.24,3.19,1.67,0.60,-2.18
6.83,2.79,3.20,1.57,0.48,-2.08
6.41,2.44,3.16,1.43,0.36,-1.94
6.10,2.18,3.15,1.22,0.23,-1.78
5.83,2.02,3.21,0.95,0.09,-1.64
5.65,1.96,3.31,0.65,-0.07,-1.51
5.48,1.92,3.43,0.36,-0.24,-1.36
5.41,1.95,3.52,0.11,-0.36,-1.21
5.41,2.00,3.55,-0.09,-0.40,-1.03
5.48,2.03,3.56,-0.26,-0.36,-0.81
5.65,2.06,3.43,-0.36,-0.28,-0.52
5.80,2.14,3.29,-0.43,-0.19,-0.16
5.91,2.26,3.11,-0.47,-0.16,0.26
6.07,2.31,2.97,-0.51,-0.20,0.70
6.18,2.36,2.83,-0.57,-0.31,1.11
6.22,2.43,2.88,-0.65,-0.48,1.47
6.26,2.47,3.09,-0.74,-0.67,1.77
6.45,2.53,3.44,-0.88,-0.84,2.02
6.84,2.67,4.08,-1.06,-0.97,2.24
7.35,2.94,4.94,-1.28,-1.09,2.49
8.06,3.36,5.88,-1.50,-1.21,2.77
9.02,4.00,7.09,-1.74,-1.32,3.11
10.01,4.79,8.22,-2.01,-1.41,3.50
10.99,5.70,9.15,-2.28,-1.43,3.93
11.67,6.67,9.72,-2.55,-1.39,4.36
11.84,7.60,9.76,-2.80,-1.33,4.73
11.55,8.31,9.43,-2.89,-1.41,4.97
11.18,9.06,9.13,-2.85,-1.65,5.05
11.16,9.57,9.38,-2.73,-1.99,4.97
11.46,9.92,10.39,-2.57,-2.35,4.73
11.81,10.07,11.65,-2.54,-2.63,4.41
11.88,10.18,12.92,-2.57,-2.89,4.08
11.70,10.37,13.85,-2.65,-3.10,3.73
11.33,10.56,14.30,-2.77,-3.21,3.35
10.96,11.09,14.91,-2.84,-3.24,2.92
10.14,11.20,14.99,-2.83,-3.45,2.43
9.50,11.17,14.85,-2.70,-3.44,1.88
8.28,10.83,14.25,-2.47,-3.42,1.41
6.86,10.41,13.33,-2.12,-3.25,1.10
5.38,9.85,12.30,-1.65,-3.03,1.07
3.97,9.24,11.38,-1.09,-2.78,1.23
2.57,8.51,10.80,-0.57,-2.55,1.45
1.43,7.85,10.61,-0.12,-2.23,1.59
0.47,7.24,10.42,0.16,-1.83,1.60
-0.10,6.69,10.33,0.23,-1.42,1.42
-0.73,6.27,10.09,0.10,-1.05,1.12
-0.79,6.13,9.83,-0.16,-0.72,0.77
-0.71,6.24,9.48,-0.47,-0.35,0.43
-0.32,6.56,9.04,-0.75,0.09,0.10
0.31,7.03,8.60,-0.88,0.53,-0.17
1.02,7.49,8.08,-0.83,0.93,-0.38
1.76,8.02,7.64,-0.66,1.18,-0.48
2.19,8.17,7.22,-0.45,1.39,-0.57
2.99,8.38,6.87,-0.23,1.67,-0.75
3.76,8.54,6.72,-0.02,1.86,-0.89
4.49,8.73,6.79,0.21,2.11,-1.09
5.35,8.91,6.98,0.40,2.29,-1.32
6.52,9.22,7.38,0.64,2.42,-1.54
7.45,9.54,7.84,0.96,2.43,-1.77
8.64,9.80,8.22,1.24,2.45,-1.97
9.90,10.02,8.85,1.43,2.49,-2.20
10.99,10.23,9.63,1.64,2.55,-2.42
11.96,10.45,10.46,1.87,2.60,-2.65
13.29,10.54,11.11,2.17,2.56,-2.80
13.53,10.60,11.62,2.46,2.54,-2.99
13.73,10.22,11.33,2.67,2.45,-3.21
12.93,9.47,10.49,2.88,2.22,-3.42
11.93,8.62,9.62,3.03,1.90,-3.65
11.30,7.90,9.29,3.07,1.61,-3.90
11.22,7.38,9.67,3.03,1.44,-4.14
11.67,6.94,10.30,2.97,1.39,-4.30
12.72,6.67,11.18,2.85,1.52,-4.33
13.32,6.52,11.56,2.70,1.83,-4.28
13.89,6.09,11.47,2.47,2.06,-3.98
13.63,5.72,10.77,2.18,2.19,-3.59
13.19,5.32,9.42,1.82,2.14,-3.14
12.29,5.01,7.68,1.46,2.01,-2.76
11.20,4.81,5.96,1.18,1.78,-2.45
10.13,4.66,4.64,0.98,1.50,-2.26
9.14,4.42,3.62,0.90,1.22,-2.17
8.32,4.21,3.03,0.90,0.94,-2.13
7.58,3.88,2.71,0.97,0.67,-2.11
6.93,3.49,2.51,1.04,0.44,-2.04
6.49,3.04,2.44,1.07,0.32,-1.89
6.11,2.61,2.43,1.07,0.29,-1.71
5.87,2.26,2.49,1.02,0.29,-1.51
5.72,1.95,2.56,0.91,0.26,-1.28
5.61,1.79,2.72,0.70,0.18,-1.06
5.50,1.64,2.85,0.45,0.04,-0.83
5.44,1.60,2.94,0.15,-0.13,-0.62
5.46,1.63,3.06,-0.16,-0.27,-0.40
5.54,1.76,3.17,-0.44,-0.35,-0.18
5.75,1.97,3.21,-0.66,-0.36,0.06
6.02,2.13,3.20,-0.82,-0.33,0.35
6.33,2.36,3.17,-0.93,-0.29,0.68
6.58,2.57,3.15,-1.03,-0.29,1.04
6.86,2.74,3.20,-1.10,-0.36,1.42
7.19,2.89,3.31,-1.15,-0.51,1.80
7.50,3.07,3.57,-1.23,-0.72,2.16
7.85,3.33,4.00,-1.37,-0.94,2.50
8.31,3.62,4.59,-1.58,-1.15,2.80
8.88,4.08,5.33,-1.81,-1.33,3.07
9.76,4.72,6.40,-2.06,-1.50,3.32
10.77,5.53,7.71,-2.31,-1.64,3.58
11.83,6.46,8.89,-2.53,-1.75,3.87
12.78,7.36,9.81,-2.71,-1.84,4.20
13.26,8.19,10.10,-2.87,-1.94,4.51
13.15,8.81,9.84,-2.98,-2.06,4.77
12.63,9.33,9.51,-3.00,-2.22,4.90
11.98,9.74,9.48,-2.97,-2.48,4.83
11.65,9.96,9.89,-2.92,-2.74,4.56
11.37,10.09,10.77,-2.86,-3.02,4.16
11.30,10.19,11.65,-2.78,-3.29,3.73
10.88,10.16,12.15,-2.71,-3.42,3.25
10.55,10.37,12.48,-2.60,-3.41,2.84
10.00,10.45,12.58,-2.40,-3.41,2.50
9.58,10.50,12.46,-2.11,-3.27,2.15
9.27,10.50,12.28,-1.76,-3.02,1.82
8.86,10.24,11.91,-1.33,-2.78,1.57
8.25,9.78,11.23,-0.85,-2.53,1.44
7.34,9.06,10.27,-0.36,-2.23,1.45
6.24,8.37,9.22,0.07,-1.89,1.55
5.21,7.71,8.55,0.44,-1.55,1.70
4.29,7.09,8.14,0.75,-1.32,1.81
3.44,6.61,8.10,0.94,-1.16,1.78
2.83,6.06,8.21,1.00,-0.93,1.59
2.31,5.75,8.22,0.91,-0.78,1.35
1.88,5.49,8.24,0.63,-0.61,1.07
1.81,5.46,8.18,0.26,-0.37,0.78
1.56,5.63,8.07,-0.19,-0.20,0.50
1.62,6.04,7.89,-0.59,0.03,0.22
1.89,6.63,7.76,-0.85,0.28,-0.06
2.25,7.18,7.56,-0.97,0.52,-0.31
2.63,7.72,7.32,-0.92,0.74,-0.50
2.98,8.22,7.04,-0.75,0.97,-0.65
3.45,8.58,6.84,-0.53,1.21,-0.82
4.01,8.79,6.75,-0.28,1.44,-1.03
4.62,8.94,6.75,-0.06,1.66,-1.30
5.39,9.00,6.91,0.14,1.84,-1.58
6.02,9.02,6.97,0.36,1.99,-1.86
6.70,9.01,6.98,0.53,2.12,-2.14
7.45,9.02,7.16,0.69,2.19,-2.38
8.14,9.08,7.49,0.87,2.21,-2.57
8.89,9.25,8.13,1.02,2.26,-2.78
10.26,9.58,9.14,1.15,2.29,-2.96
11.57,9.82,10.26,1.37,2.39,-3.04
12.76,10.03,11.33,1.68,2.58,-3.14
13.57,10.03,11.67,2.00,2.70,-3.24
13.66,9.82,11.21,2.22,2.70,-3.30
12.86,9.21,10.20,2.39,2.51,-3.37
11.77,8.48,9.07,2.50,2.19,-3.49
11.20,7.88,8.60,2.48,1.84,-3.66
11.20,7.47,8.77,2.43,1.60,-3.84
11.80,7.32,9.36,2.40,1.56,-3.94
12.64,7.32,10.26,2.39,1.72,-3.96
14.34,7.13,10.95,2.45,1.94,-3.85
14.86,7.21,11.15,2.39,2.30,-3.63
15.08,6.94,10.90,2.30,2.44,-3.34
14.54,6.51,9.58,2.13,2.28,-2.98
13.51,5.97,7.89,1.94,2.02,-2.70
12.11,5.47,6.24,1.75,1.71,-2.51
10.46,5.01,4.91,1.59,1.33,-2.38
9.09,4.63,3.99,1.48,0.94,-2.30
7.95,4.16,3.39,1.41,0.62,-2.28
7.04,3.68,2.99,1.38,0.42,-2.29
6.36,3.23,2.79,1.36,0.32,-2.26
5.84,2.74,2.69,1.32,0.26,-2.17
5.43,2.30,2.63,1.25,0.20,-2.03
5.27,1.87,2.53,1.12,0.17,-1.86
5.16,1.56,2.44,0.93,0.12,-1.66
5.00,1.39,2.46,0.67,0.02,-1.46
4.93,1.23,2.47,0.39,-0.11,-1.25
4.98,1.21,2.44,0.10,-0.20,-1.07
5.10,1.26,2.41,-0.16,-0.22,-0.87
5.25,1.33,2.44,-0.35,-0.21,-0.61
5.46,1.46,2.39,-0.48,-0.20,-0.30
5.74,1.63,2.38,-0.58,-0.19,0.08
6.10,1.81,2.41,-0.66,-0.20,0.49
6.51,1.97,2.44,-0.73,-0.22,0.95
6.88,2.21,2.60,-0.83,-0.30,1.41
7.15,2.41,2.93,-0.93,-0.46,1.84
7.47,2.62,3.28,-1.07,-0.65,2.22
7.82,2.84,3.73,-1.26,-0.84,2.55
8.22,3.20,4.39,-1.47,-1.02,2.82
8.66,3.67,5.14,-1.70,-1.24,3.07
9.28,4.20,5.94,-1.95,-1.43,3.32
10.10,4.83,7.02,-2.19,-1.59,3.59
11.14,5.63,8.17,-2.42,-1.73,3.87
12.33,6.59,9.61,-2.68,-1.82,4.17
13.47,7.64,11.00,-2.92,-1.83,4.40
14.24,8.61,12.00,-3.07,-1.84,4.60
14.56,9.40,12.35,-3.17,-1.81,4.73
14.24,9.88,11.76,-3.13,-1.81,4.82
13.19,10.12,10.79,-2.97,-1.86,4.82
12.15,10.24,9.85,-2.72,-2.04,4.74
11.68,10.25,9.44,-2.39,-2.23,4.61
11.45,10.14,9.69,-2.02,-2.29,4.38
11.33,9.97,10.33,-1.69,-2.26,4.14
11.31,9.80,11.08,-1.44,-2.23,3.92
11.35,9.66,11.55,-1.32,-2.13,3.72
11.28,9.61,11.73,-1.27,-2.00,3.50
11.16,9.59,11.83,-1.27,-1.82,3.25
10.97,9.54,11.82,-1.25,-1.67,2.98
10.41,9.42,11.45,-1.27,-1.55,2.67
9.51,9.13,10.83,-1.27,-1.51,2.36
8.25,8.86,9.90,-1.23,-1.55,2.09
6.86,8.53,9.03,-1.14,-1.59,1.85
5.22,8.23,8.40,-1.00,-1.71,1.69
4.07,7.97,8.10,-0.78,-1.70,1.53
3.05,7.71,8.08,-0.54,-1.70,1.42
2.28,7.46,8.17,-0.36,-1.59,1.27
1.56,7.10,8.32,-0.22,-1.39,1.09
0.88,6.88,8.24,-0.16,-1.20,0.86
0.70,6.77,8.20,-0.15,-1.03,0.59
0.60,6.68,8.10,-0.25,-0.79,0.31
0.79,6.77,7.98,-0.41,-0.44,0.03
1.15,7.09,7.83,-0.56,-0.05,-0.24
1.62,7.49,7.60,-0.65,0.31,-0.47
2.18,7.83,7.35,-0.63,0.64,-0.68
2.70,8.17,7.02,-0.53,0.93,-0.90
3.22,8.37,6.79,-0.33,1.17,-1.18
3.99,8.49,6.73,-0.09,1.36,-1.48
4.76,8.54,6.74,0.14,1.49,-1.75
5.42,8.65,6.88,0.38,1.58,-1.92
6.24,8.79,7.10,0.56,1.69,-2.13
7.23,8.98,7.35,0.73,1.75,-2.34
8.35,9.26,7.78,0.90,1.78,-2.52
9.54,9.59,8.48,1.10,1.81,-2.68
10.91,10.04,9.32,1.33,1.96,-2.86
12.46,10.42,10.41,1.58,2.22,-3.06
13.75,10.78,11.49,1.91,2.52,-3.25
15.23,11.03,12.11,2.21,2.72,-3.41
15.71,10.94,12.08,2.50,2.72,-3.59
15.08,10.45,11.31,2.73,2.57,-3.89
14.13,9.89,10.24,2.84,2.24,-4.19
13.55,9.29,9.72,2.89,1.82,-4.53
13.80,8.87,9.73,2.92,1.58,-4.92
14.89,8.46,10.10,2.97,1.63,-5.22
15.84,8.34,11.39,3.05,2.01,-5.45
16.70,8.23,12.65,3.13,2.33,-5.48
18.14,7.58,13.01,3.11,2.47,-5.27
18.22,6.98,12.40,2.98,2.57,-4.87
17.81,6.24,11.05,2.73,2.64,-4.35
16.75,5.63,9.16,2.55,2.58,-3.66
14.77,5.08,7.41,2.35,2.38,-3.01
12.37,4.63,5.98,2.14,1.89,-2.51
10.34,4.24,4.80,1.93,1.29,-2.21
8.79,3.69,3.85,1.79,0.78,-2.08
7.62,3.11,2.98,1.69,0.39,-2.06
6.69,2.57,2.34,1.55,0.23,-2.11
6.07,2.03,1.95,1.40,0.19,-2.17
5.58,1.62,1.85,1.23,0.16,-2.17
5.20,1.25,1.85,1.04,0.08,-2.09
4.93,0.95,1.82,0.82,-0.02,-1.96
4.75,0.72,1.80,0.55,-0.07,-1.82
4.67,0.58,1.81,0.24,-0.09,-1.66
4.64,0.54,1.84,-0.05,-0.09,-1.48
4.73,0.53,1.88,-0.33,-0.11,-1.24
4.94,0.68,2.01,-0.61,-0.13,-0.92
5.09,0.87,2.24,-0.81,-0.24,-0.55
5.17,1.16,2.38,-0.98,-0.42,-0.11
5.43,1.41,2.51,-1.14,-0.60,0.37
5.74,1.70,2.64,-1.25,-0.70,0.85
6.19,2.03,2.93,-1.36,-0.74,1.31
6.77,2.39,3.33,-1.46,-0.76,1.74
7.34,2.81,3.95,-1.61,-0.81,2.13
7.71,3.22,4.84,-1.71,-0.99,2.50
7.97,3.68,5.64,-1.83,-1.31,2.87
8.29,4.07,6.52,-1.99,-1.62,3.24
8.99,4.53,7.40,-2.15,-1.78,3.60
10.03,5.11,8.52,-2.31,-1.80,4.00
11.46,5.88,9.90,-2.49,-1.64,4.41
12.97,6.83,11.24,-2.64,-1.47,4.87
14.33,7.97,12.40,-2.87,-1.24,5.26
15.29,8.97,13.23,-3.13,-1.23,5.64
15.63,9.74,13.53,-3.37,-1.38,5.92
15.04,10.13,13.09,-3.50,-1.66,5.97
13.82,10.55,12.61,-3.58,-2.11,5.75
12.49,10.50,11.95,-3.62,-2.58,5.25
11.40,10.41,11.94,-3.58,-3.11,4.63
10.67,10.43,12.18,-3.49,-3.49,3.97
10.42,10.40,12.41,-3.34,-3.62,3.34
10.42,10.44,12.73,-3.17,-3.45,2.81
10.28,10.53,12.81,-2.93,-3.08,2.39
10.19,10.68,12.57,-2.57,-2.66,2.18
10.40,10.79,12.25,-2.16,-2.18,2.08
10.60,10.64,11.91,-1.71,-1.70,2.01
10.36,10.17,11.36,-1.17,-1.33,1.95
9.50,9.47,10.48,-0.60,-1.14,1.95
8.04,8.55,9.39,-0.10,-1.15,2.00
6.55,7.69,8.41,0.28,-1.22,2.10
5.16,7.04,7.94,0.53,-1.37,2.21
3.72,6.42,7.76,0.68,-1.40,2.15
2.80,5.94,7.89,0.70,-1.26,1.94
1.91,5.65,8.43,0.61,-1.18,1.70
1.16,5.59,8.58,0.38,-1.15,1.36
0.37,5.60,8.47,-0.02,-1.18,1.02
-0.07,5.93,8.40,-0.43,-1.05,0.68
-0.38,6.48,8.20,-0.84,-0.88,0.33
-0.38,7.20,8.06,-1.20,-0.62,-0.04
-0.01,7.87,7.99,-1.37,-0.32,-0.42
0.51,8.53,7.83,-1.30,0.03,-0.75
1.18,9.04,7.69,-1.01,0.42,-0.95
2.15,9.30,7.49,-0.57,0.90,-1.09
3.10,9.50,7.44,-0.04,1.43,-1.24
4.32,9.56,7.41,0.50,1.84,-1.34
5.10,9.57,7.60,1.02,2.20,-1.45
6.18,9.53,7.78,1.47,2.43,-1.61
7.31,9.33,8.21,1.98,2.55,-1.71
8.62,9.32,8.83,2.53,2.62,-1.91
9.99,9.49,9.86,2.84,2.66,-2.18
11.51,9.67,11.04,2.95,2.63,-2.49
13.21,9.88,12.29,3.00,2.53,-2.87
14.23,10.09,12.94,2.98,2.51,-3.34
15.14,10.16,13.27,2.96,2.46,-3.80
15.59,9.91,12.90,3.00,2.24,-4.28
14.66,9.47,11.98,3.04,1.99,-4.84
14.21,8.86,10.84,3.03,1.67,-5.27
13.53,8.28,10.31,3.03,1.37,-5.56
13.88,7.86,10.48,3.00,1.26,-5.77
13.97,7.41,11.00,2.97,1.22,-5.89
14.23,6.97,11.59,2.90,1.17,-5.84
14.31,6.47,11.84,2.77,1.21,-5.56
15.25,5.96,11.71,2.55,1.49,-5.21
14.98,5.28,11.05,2.36,1.66,-4.56
14.42,4.74,9.79,2.05,1.88,-3.78
13.42,4.28,8.22,1.70,1.90,-2.99
11.71,4.02,6.66,1.35,1.78,-2.33
9.96,3.92,5.29,1.00,1.50,-1.90
8.44,3.87,4.17,0.75,1.16,-1.65
7.40,3.75,3.33,0.61,0.69,-1.56
6.56,3.45,2.67,0.58,0.32,-1.63
5.99,3.16,2.23,0.61,0.12,-1.78
5.65,2.73,2.15,0.63,0.03,-1.87
5.48,2.32,2.17,0.64,-0.02,-1.83
5.42,1.96,2.23,0.57,-0.01,-1.68
5.33,1.68,2.33,0.44,-0.01,-1.45
5.23,1.53,2.43,0.24,-0.07,-1.15
5.16,1.49,2.50,0.00,-0.21,-0.82
5.14,1.50,2.45,-0.24,-0.34,-0.54
5.17,1.58,2.37,-0.45,-0.42,-0.30
5.26,1.75,2.32,-0.60,-0.45,-0.06
5.45,1.89,2.38,-0.71,-0.43,0.22
5.73,2.03,2.53,-0.77,-0.41,0.56
6.05,2.14,2.70,-0.83,-0.42,0.95
6.37,2.24,2.95,-0.90,-0.48,1.36
6.79,2.40,3.33,-0.98,-0.59,1.78
7.27,2.69,3.69,-1.11,-0.71,2.16
7.83,3.00,4.16,-1.30,-0.83,2.50
8.49,3.34,4.69,-1.51,-0.95,2.79
9.22,3.79,5.36,-1.75,-1.06,3.05
9.95,4.32,6.22,-2.01,-1.19,3.31
10.87,4.90,7.18,-2.26,-1.35,3.60
12.17,5.64,8.30,-2.49,-1.45,3.94
13.58,6.57,9.62,-2.70,-1.43,4.29
14.54,7.62,10.67,-2.90,-1.37,4.58
15.19,8.49,10.98,-3.02,-1.41,4.89
15.01,9.14,10.67,-3.05,-1.58,5.16
14.29,9.65,10.02,-2.94,-1.94,5.32
13.62,10.08,9.72,-2.76,-2.30,5.31
13.13,10.19,10.13,-2.48,-2.68,5.16
12.83,10.36,11.18,-2.19,-2.78,4.76
11.83,10.37,12.35,-2.17,-2.88,4.25
11.19,10.24,13.42,-2.20,-3.11,3.72
10.21,10.14,13.68,-2.16,-3.45,3.18
9.42,9.77,13.16,-2.10,-3.42,2.60
9.02,9.48,12.62,-2.02,-3.18,2.08
8.67,9.34,11.94,-1.81,-2.65,1.63
8.36,9.03,11.37,-1.59,-2.09,1.36
7.90,8.67,10.72,-1.22,-1.68,1.25
7.14,8.20,9.92,-0.79,-1.39,1.28
6.16,7.60,9.07,-0.36,-1.23,1.43
5.15,7.16,8.49,0.07,-1.21,1.68
4.20,6.75,8.21,0.40,-1.16,1.87
3.32,6.31,8.18,0.66,-1.05,1.94
2.58,5.94,8.16,0.84,-0.83,1.87
1.88,5.62,8.25,0.84,-0.66,1.76
1.60,5.37,8.23,0.72,-0.40,1.59
1.26,5.45,8.13,0.44,-0.22,1.35
1.11,5.66,7.98,0.01,-0.05,1.04
1.08,6.07,7.90,-0.47,0.08,0.64
1.30,6.62,7.74,-0.87,0.17,0.15
1.43,7.24,7.49,-1.19,0.23,-0.38
1.75,7.83,7.35,-1.40,0.33,-0.86
2.33,8.30,7.27,-1.41,0.48,-1.27
3.01,8.73,7.33,-1.27,0.78,-1.59
3.85,9.10,7.43,-0.99,1.14,-1.79
4.56,9.44,7.56,-0.63,1.50,-1.90
5.40,9.65,7.77,-0.20,1.78,-1.97
6.39,9.86,7.82,0.26,1.97,-2.04
7.09,10.08,8.03,0.73,2.13,-2.20
8.16,10.24,8.32,1.19,2.20,-2.40
9.27,10.35,8.96,1.63,2.21,-2.61
10.25,10.32,9.73,2.01,2.27,-2.83
11.18,10.24,10.60,2.30,2.37,-3.05
12.23,10.10,11.44,2.57,2.47,-3.19
13.05,10.06,11.88,2.81,2.60,-3.30
13.27,9.83,11.75,2.95,2.61,-3.41
13.01,9.46,11.28,2.99,2.53,-3.61
12.78,9.10,10.75,2.98,2.32,-3.88
12.86,8.86,10.71,2.89,2.11,-4.18
13.27,8.62,11.03,2.80,2.02,-4.48
14.13,8.43,11.31,2.75,2.05,-4.66
15.26,8.23,11.52,2.75,2.21,-4.66
15.82,8.03,11.85,2.73,2.48,-4.56
16.43,7.75,12.09,2.71,2.49,-4.26
16.07,7.39,11.47,2.56,2.31,-3.94
15.34,6.83,10.18,2.32,2.18,-3.67
14.57,6.30,8.55,2.06,2.02,-3.39
13.10,5.73,6.85,1.89,1.77,-3.17
11.49,5.26,5.48,1.73,1.45,-3.02
9.96,4.74,4.58,1.60,1.07,-2.92
8.76,4.15,3.91,1.51,0.65,-2.89
7.85,3.52,3.35,1.44,0.33,-2.92
7.07,2.86,2.89,1.34,0.13,-2.93
6.53,2.21,2.63,1.22,0.05,-2.88
6.11,1.60,2.44,1.07,0.03,-2.76
5.77,1.07,2.23,0.93,0.02,-2.56
5.56,0.71,2.03,0.76,0.02,-2.30
5.46,0.48,1.92,0.57,0.01,-1.98
5.39,0.41,1.87,0.39,-0.02,-1.61
5.41,0.40,1.83,0.22,-0.08,-1.20
5.45,0.51,1.88,0.05,-0.14,-0.77
5.53,0.65,1.91,-0.09,-0.20,-0.31
5.65,0.85,1.98,-0.21,-0.25,0.15
5.84,1.08,2.06,-0.33,-0.30,0.63
6.05,1.33,2.21,-0.46,-0.34,1.06
6.31,1.58,2.43,-0.60,-0.41,1.46
6.55,1.82,2.67,-0.76,-0.54,1.83
6.85,2.09,3.01,-0.94,-0.73,2.17
7.20,2.36,3.40,-1.15,-0.96,2.49
7.57,2.72,4.01,-1.39,-1.19,2.78
8.04,3.21,4.72,-1.64,-1.42,3.06
8.66,3.81,5.51,-1.90,-1.61,3.33
9.37,4.64,6.62,-2.18,-1.77,3.58
10.26,5.51,7.98,-2.45,-1.94,3.83
11.46,6.39,9.58,-2.67,-2.19,4.08
12.68,7.38,11.21,-2.91,-2.44,4.31
13.90,8.33,12.69,-3.15,-2.59,4.54
14.93,9.34,13.86,-3.36,-2.60,4.76
15.30,10.22,14.29,-3.50,-2.53,4.94
14.81,10.73,13.87,-3.50,-2.50,5.01
13.66,11.03,12.78,-3.41,-2.58,4.95
12.48,11.01,11.79,-3.23,-2.88,4.78
11.59,11.24,11.28,-2.70,-3.02,4.57
11.04,11.04,11.20,-2.42,-3.15,4.25
10.84,10.49,11.72,-2.10,-3.18,3.98
10.86,10.63,12.56,-1.69,-3.09,3.66
10.34,10.53,12.92,-1.46,-2.90,3.34
10.06,10.32,12.98,-1.29,-2.68,3.01
9.58,10.21,12.75,-1.05,-2.44,2.68
9.13,9.88,12.14,-0.88,-2.12,2.37
8.55,9.41,11.33,-0.70,-1.78,2.07
7.55,8.92,10.31,-0.46,-1.46,1.82
6.31,8.21,9.14,-0.19,-1.31,1.70
5.08,7.57,8.07,0.11,-1.22,1.71
4.06,6.93,7.26,0.41,-1.09,1.78
3.23,6.32,6.89,0.68,-0.94,1.87
2.54,5.98,6.86,0.86,-0.71,1.86
2.06,5.75,7.17,0.88,-0.53,1.80
1.91,5.63,7.46,0.79,-0.38,1.67
1.87,5.62,7.63,0.56,-0.21,1.43
1.99,5.84,7.69,0.18,-0.01,1.11
2.26,6.30,7.79,-0.29,0.17,0.73
2.53,6.96,7.80,-0.74,0.33,0.30
2.79,7.76,7.73,-1.13,0.43,-0.19
3.01,8.55,7.65,-1.39,0.46,-0.67
3.12,9.18,7.58,-1.41,0.46,-1.10
3.35,9.46,7.38,-1.12,0.52,-1.44
3.63,9.48,7.23,-0.62,0.71,-1.68
4.11,9.21,7.29,0.02,1.05,-1.81
4.67,8.84,7.46,0.67,1.48,-1.85
5.46,8.56,7.77,1.21,1.90,-1.86
6.28,8.38,8.05,1.67,2.22,-1.87
7.18,8.40,8.31,1.98,2.44,-1.93
8.10,8.57,8.77,2.17,2.56,-2.09
9.31,8.89,9.30,2.28,2.52,-2.29
10.53,9.25,9.95,2.35,2.41,-2.53
11.70,9.54,10.76,2.40,2.37,-2.84
12.89,9.80,11.55,2.45,2.35,-3.20
13.67,9.92,12.09,2.55,2.32,-3.49
14.22,9.89,12.46,2.65,2.29,-3.74
14.21,9.58,12.24,2.76,2.21,-3.92
13.56,9.01,11.57,2.84,2.03,-4.06
12.59,8.26,10.70,2.85,1.74,-4.16
11.80,7.61,9.98,2.79,1.44,-4.26
11.48,7.08,9.66,2.68,1.27,-4.38
11.63,6.72,9.60,2.57,1.33,-4.48
11.94,6.46,9.78,2.45,1.50,-4.48
12.50,6.24,10.04,2.35,1.66,-4.33
12.80,5.98,10.01,2.22,1.76,-4.05
12.89,5.62,9.57,2.04,1.93,-3.76
12.76,5.28,8.66,1.79,1.98,-3.40
12.25,4.93,7.52,1.53,1.91,-3.08
11.30,4.61,6.26,1.33,1.70,-2.73
10.11,4.28,4.92,1.18,1.37,-2.39
8.82,3.96,3.75,1.02,1.02,-2.14
7.67,3.63,3.00,0.95,0.66,-1.95
6.67,3.31,2.36,0.93,0.34,-1.82
5.98,2.91,1.99,0.92,0.12,-1.74
5.48,2.47,1.87,0.91,0.00,-1.71
5.13,2.00,1.92,0.86,-0.05,-1.66
4.91,1.56,1.98,0.74,-0.07,-1.57
4.78,1.18,2.03,0.55,-0.13,-1.41
4.74,0.95,2.05,0.32,-0.23,-1.20
4.66,0.85,2.06,0.06,-0.35,-0.95
4.64,0.85,2.04,-0.18,-0.43,-0.70
4.68,0.96,2.02,-0.37,-0.48,-0.42
4.93,1.13,2.00,-0.51,-0.47,-0.10
5.31,1.33,2.08,-0.62,-0.41,0.27
5.67,1.48,2.26,-0.68,-0.38,0.68
6.01,1.73,2.62,-0.72,-0.42,1.11
6.35,1.96,3.15,-0.79,-0.53,1.55
6.69,2.27,3.84,-0.94,-0.66,2.01
7.13,2.72,4.53,-1.17,-0.77,2.46
7.69,3.39,5.27,-1.44,-0.86,2.89
8.56,4.17,6.05,-1.67,-0.97,3.30
9.41,5.18,6.82,-1.92,-0.94,3.63
10.39,6.11,7.71,-2.17,-0.91,3.94
11.53,7.09,8.71,-2.40,-0.94,4.26
12.70,8.00,9.71,-2.57,-1.00,4.57
13.59,8.87,10.46,-2.74,-1.09,4.81
14.00,9.53,10.75,-2.87,-1.25,4.98
13.58,9.96,10.41,-2.91,-1.51,5.05
12.62,10.11,9.81,-2.89,-1.86,4.97
11.61,10.12,9.46,-2.81,-2.31,4.72
10.87,10.09,9.81,-2.74,-2.66,4.36
10.50,9.96,10.38,-2.64,-2.90,3.94
10.34,9.79,10.77,-2.49,-2.90,3.50
10.30,9.62,11.17,-2.30,-2.71,3.10
9.94,9.52,11.26,-2.14,-2.55,2.81
9.79,9.53,11.11,-2.01,-2.27,2.58
9.91,9.55,10.95,-1.84,-1.97,2.40
10.05,9.60,10.83,-1.63,-1.70,2.25
9.98,9.45,10.62,-1.33,-1.53,2.17
9.50,9.11,10.31,-1.02,-1.47,2.13
8.50,8.53,9.82,-0.75,-1.47,2.10
7.25,7.97,9.36,-0.53,-1.56,2.05
5.78,7.49,9.03,-0.40,-1.72,1.97
4.40,6.96,8.88,-0.33,-1.80,1.79
3.35,6.60,8.91,-0.23,-1.88,1.54
2.21,6.48,8.86,-0.19,-1.99,1.22
1.27,6.45,8.68,-0.30,-1.93,0.93
0.68,6.42,8.61,-0.50,-1.83,0.69
0.51,6.46,8.47,-0.71,-1.65,0.42
0.33,6.66,8.20,-0.89,-1.41,0.19
0.38,6.96,7.86,-1.06,-1.06,-0.01
0.70,7.42,7.62,-1.16,-0.64,-0.18
1.07,7.86,7.41,-1.16,-0.17,-0.32
1.59,8.21,7.26,-1.02,0.31,-0.46
2.24,8.49,7.15,-0.78,0.78,-0.62
2.87,8.64,6.93,-0.48,1.19,-0.85
3.64,8.76,6.70,-0.21,1.52,-1.13
4.59,8.77,6.62,-0.01,1.74,-1.45
5.51,8.82,6.69,0.15,1.89,-1.78
6.49,9.03,6.73,0.27,2.03,-2.10
7.46,9.19,6.87,0.45,2.03,-2.23
8.04,9.45,6.97,0.71,2.16,-2.32
9.01,9.75,7.38,0.94,2.30,-2.42
10.10,10.08,8.42,1.27,2.38,-2.52
11.19,10.44,9.37,1.58,2.41,-2.63
12.15,10.63,10.33,1.83,2.44,-2.73
12.93,10.68,11.19,2.08,2.54,-2.93
13.53,10.65,11.53,2.25,2.63,-3.22
13.36,10.18,11.07,2.36,2.62,-3.51
12.62,9.52,10.23,2.43,2.43,-3.83
11.89,8.83,9.60,2.47,2.14,-4.14
11.60,8.26,9.51,2.49,1.89,-4.41
11.84,7.89,9.86,2.51,1.76,-4.59
12.68,7.53,10.35,2.50,1.84,-4.64
13.71,7.56,10.82,2.54,2.14,-4.63
14.69,7.38,11.48,2.50,2.63,-4.41
15.51,7.13,11.66,2.46,2.84,-4.04
15.43,6.82,11.16,2.32,2.88,-3.64
15.15,6.41,10.10,2.11,2.71,-3.23
14.12,5.80,8.52,1.86,2.44,-2.90
12.33,5.21,6.67,1.63,2.03,-2.60
10.57,4.67,4.93,1.40,1.55,-2.34
8.94,4.19,3.56,1.20,1.04,-2.18
7.67,3.75,2.51,1.07,0.58,-2.13
6.71,3.35,1.92,0.99,0.24,-2.20
6.01,2.93,1.81,0.95,-0.04,-2.29
5.55,2.50,1.88,0.90,-0.23,-2.36
5.25,2.05,2.03,0.83,-0.33,-2.33
5.04,1.62,2.14,0.71,-0.37,-2.23
4.84,1.27,2.25,0.51,-0.37,-2.06
4.70,1.03,2.32,0.31,-0.34,-1.81
4.62,0.93,2.33,0.13,-0.32,-1.49
4.57,0.91,2.28,-0.04,-0.28,-1.13
4.66,0.89,2.16,-0.19,-0.21,-0.73
4.85,0.98,2.05,-0.29,-0.14,-0.31
5.11,1.10,1.98,-0.39,-0.08,0.13
5.54,1.22,1.98,-0.49,-0.05,0.64
5.89,1.41,2.13,-0.60,-0.10,1.11
6.27,1.56,2.33,-0.71,-0.26,1.61
6.71,1.84,2.68,-0.88,-0.47,2.08
7.13,2.19,3.16,-1.14,-0.69,2.49
7.59,2.72,3.89,-1.44,-0.94,2.83
7.97,3.35,4.69,-1.73,-1.20,3.10
8.46,4.12,5.59,-2.03,-1.46,3.33
8.99,4.99,6.63,-2.28,-1.70,3.52
9.45,5.89,8.00,-2.49,-1.97,3.70
10.11,6.70,9.35,-2.65,-2.22,3.88
10.98,7.56,10.80,-2.81,-2.37,4.05
11.83,8.29,11.94,-2.94,-2.35,4.22
12.51,8.95,12.52,-2.93,-2.16,4.40
12.84,9.52,12.29,-2.81,-1.82,4.58
12.73,9.80,11.48,-2.63,-1.42,4.72
12.08,9.91,10.49,-2.37,-1.20,4.79
11.16,9.95,9.43,-2.06,-1.29,4.76
10.62,9.80,8.83,-1.79,-1.50,4.64
10.57,9.67,9.13,-1.52,-1.73,4.46
10.57,9.51,9.82,-1.29,-1.90,4.24
10.50,9.34,10.50,-1.17,-1.97,4.00
10.25,9.22,11.05,-1.15,-1.96,3.76
9.97,9.22,11.33,-1.15,-1.89,3.49
9.73,9.23,11.51,-1.22,-1.75,3.17
9.63,9.27,11.58,-1.27,-1.57,2.81
9.43,9.35,11.40,-1.31,-1.39,2.45
8.92,9.36,10.97,-1.33,-1.24,2.11
8.12,9.12,10.20,-1.24,-1.24,1.87
6.92,8.87,9.30,-1.10,-1.25,1.65
5.56,8.47,8.48,-0.90,-1.26,1.52
4.35,8.03,7.92,-0.64,-1.32,1.44
3.22,7.73,7.75,-0.42,-1.38,1.36
2.27,7.41,7.83,-0.23,-1.40,1.24
1.29,6.90,7.95,-0.11,-1.22,1.01
0.80,6.70,8.12,-0.10,-1.11,0.79
0.37,6.34,8.11,-0.14,-0.91,0.48
0.17,6.17,8.02,-0.26,-0.70,0.15
0.08,6.05,7.77,-0.47,-0.55,-0.18
0.27,6.07,7.54,-0.71,-0.33,-0.56
0.63,6.08,7.37,-0.89,-0.10,-0.94
1.21,6.20,7.36,-0.98,0.12,-1.31
1.88,6.34,7.45,-1.00,0.33,-1.60
2.60,6.47,7.71,-0.96,0.55,-1.82
3.28,6.54,7.92,-0.85,0.76,-1.96
3.87,6.66,8.13,-0.71,0.95,-2.04
4.43,6.74,8.24,-0.57,1.11,-2.07
5.20,6.84,8.30,-0.45,1.21,-2.03
5.63,7.13,8.44,-0.36,1.40,-2.04
6.26,7.49,8.57,-0.26,1.62,-2.10
7.09,7.99,8.95,-0.15,1.80,-2.21
8.19,8.70,9.71,-0.00,1.98,-2.30
9.54,9.39,10.54,0.24,2.19,-2.39
10.90,10.01,11.37,0.55,2.40,-2.41
11.88,10.51,12.04,0.87,2.64,-2.43
12.50,10.73,12.33,1.19,2.82,-2.51
12.38,10.45,11.79,1.50,2.87,-2.62
11.42,9.68,10.55,1.86,2.78,-2.81
10.11,8.77,9.16,2.16,2.58,-3.09
9.69,8.16,8.65,2.38,2.40,-3.42
9.85,7.83,9.00,2.50,2.35,-3.75
10.61,7.83,10.13,2.58,2.41,-4.03
12.07,8.05,11.38,2.62,2.54,-4.15
13.50,8.34,12.41,2.62,2.87,-4.17
15.42,8.35,12.79,2.80,3.21,-3.95
16.15,8.32,12.72,2.90,3.57,-3.75
16.56,8.11,12.73,2.95,3.63,-3.48
16.53,7.55,11.28,2.98,3.20,-3.15
15.61,6.88,9.69,2.87,2.82,-2.90
14.62,6.16,8.19,2.74,2.63,-2.71
12.83,5.42,6.73,2.67,2.18,-2.53
10.90,4.67,5.38,2.53,1.55,-2.40
9.22,3.95,4.14,2.34,0.89,-2.31
7.86,3.18,3.22,2.13,0.43,-2.31
6.79,2.52,2.68,1.92,0.11,-2.38
5.99,1.94,2.58,1.74,-0.17,-2.44
5.21,1.33,2.48,1.55,-0.35,-2.47
4.65,0.72,2.53,1.35,-0.54,-2.40
4.31,0.21,2.41,1.12,-0.63,-2.25
4.16,-0.11,2.34,0.86,-0.59,-2.03
4.13,-0.15,2.39,0.60,-0.46,-1.75
4.18,-0.04,2.43,0.36,-0.31,-1.39
4.30,0.11,2.40,0.14,-0.19,-0.94
4.57,0.29,2.32,-0.05,-0.10,-0.45
4.89,0.47,2.23,-0.20,-0.03,0.07
5.23,0.67,2.17,-0.32,0.02,0.56
5.54,0.93,2.26,-0.44,-0.01,1.04
5.84,1.20,2.41,-0.58,-0.13,1.49
6.21,1.46,2.67,-0.75,-0.33,1.89
6.51,1.78,3.07,-0.99,-0.55,2.22
6.88,2.10,3.62,-1.26,-0.79,2.52
7.38,2.49,4.33,-1.54,-1.03,2.80
8.01,3.03,5.25,-1.83,-1.26,3.09
8.88,3.80,6.37,-2.16,-1.46,3.40
9.86,4.77,7.58,-2.52,-1.64,3.72
10.85,5.99,9.04,-2.88,-1.82,4.03
11.86,7.18,10.37,-3.24,-2.03,4.34
12.76,8.34,11.64,-3.58,-2.23,4.60
13.46,9.52,12.50,-3.84,-2.37,4.80
13.56,10.34,12.66,-3.91,-2.42,4.91
13.10,10.83,12.08,-3.73,-2.46,4.95
12.55,11.16,11.48,-3.44,-2.54,4.94
12.35,11.42,11.60,-3.09,-2.69,4.88
12.34,11.68,12.41,-2.79,-3.02,4.72
12.71,11.76,12.91,-2.22,-2.82,4.61
12.29,11.51,13.72,-1.99,-2.74,4.33
11.98,11.15,14.26,-1.84,-2.86,4.02
11.52,11.43,14.22,-1.63,-2.82,3.61
10.74,11.09,14.09,-1.54,-2.83,3.22
10.18,10.62,13.71,-1.38,-2.76,2.84
9.29,10.15,12.76,-1.12,-2.49,2.43
8.07,9.33,11.65,-0.90,-2.15,2.10
7.01,8.51,10.58,-0.61,-1.90,1.92
5.88,7.88,9.53,-0.33,-1.68,1.85
4.95,7.33,8.86,-0.13,-1.51,1.89
4.31,6.94,8.54,0.08,-1.48,1.98
3.55,6.74,8.40,0.15,-1.42,2.00
2.93,6.45,8.57,0.14,-1.29,1.96
2.29,6.45,8.74,0.08,-1.17,1.83
1.87,6.36,8.90,-0.04,-0.94,1.62
1.22,6.38,8.97,-0.24,-0.85,1.41
0.90,6.61,8.92,-0.49,-0.65,1.13
0.62,7.04,8.77,-0.79,-0.42,0.78
0.50,7.58,8.70,-1.03,-0.25,0.40
0.41,8.16,8.61,-1.20,-0.19,-0.00
0.52,8.60,8.46,-1.27,-0.11,-0.41
0.80,8.85,8.29,-1.19,0.03,-0.74
1.25,9.00,8.10,-0.97,0.27,-1.01
1.77,9.10,7.99,-0.67,0.62,-1.25
2.33,9.21,7.97,-0.40,1.03,-1.48
3.02,9.28,7.97,-0.17,1.42,-1.72
3.96,9.31,8.07,0.10,1.74,-1.98
4.95,9.40,8.14,0.38,1.96,-2.24
6.11,9.44,8.46,0.68,2.15,-2.49
7.50,9.61,9.05,0.97,2.37,-2.77
9.09,9.85,10.07,1.19,2.54,-2.97
10.71,10.16,11.32,1.43,2.69,-3.05
12.17,10.61,12.62,1.56,2.89,-3.18
13.67,10.83,13.71,1.73,3.04,-3.28
14.55,10.98,14.13,2.01,3.17,-3.41
14.29,10.56,13.33,2.32,3.19,-3.59
13.37,9.79,12.21,2.56,3.01,-3.76
12.56,9.26,11.21,2.70,2.75,-3.95
12.45,8.80,11.03,2.74,2.52,-4.13
12.81,8.51,11.35,2.78,2.47,-4.32
13.81,8.25,11.71,2.85,2.47,-4.37
14.49,8.20,12.31,2.95,2.75,-4.34
15.33,8.06,12.83,2.95,3.07,-4.25
15.65,7.77,12.96,2.92,3.15,-4.01
15.63,7.36,12.18,2.82,2.99,-3.66
15.41,7.03,10.58,2.68,2.74,-3.32
14.40,6.32,8.93,2.50,2.62,-3.02
13.21,5.78,7.46,2.41,2.42,-2.72
11.77,5.29,6.24,2.33,2.01,-2.47
10.31,4.67,5.06,2.21,1.43,-2.29
9.17,4.10,4.13,2.05,0.90,-2.24
8.18,3.52,3.39,1.87,0.50,-2.26
7.21,2.88,2.98,1.69,0.20,-2.30
6.40,2.30,2.66,1.49,-0.01,-2.36
5.81,1.70,2.50,1.27,-0.14,-2.37
5.33,1.22,2.29,1.05,-0.23,-2.32
5.00,0.83,2.16,0.84,-0.27,-2.18
4.79,0.59,2.00,0.64,-0.27,-1.97
4.66,0.51,1.88,0.46,-0.24,-1.69
4.56,0.51,1.81,0.31,-0.24,-1.36
4.56,0.62,1.86,0.20,-0.29,-0.96
4.62,0.72,1.96,0.10,-0.33,-0.54
4.73,0.81,2.08,0.00,-0.35,-0.10
4.93,0.89,2.16,-0.09,-0.34,0.30
5.30,1.03,2.26,-0.21,-0.34,0.70
5.67,1.27,2.57,-0.37,-0.41,1.12
6.05,1.54,2.99,-0.57,-0.55,1.50
6.45,1.80,3.49,-0.80,-0.75,1.83
6.92,2.11,4.14,-1.06,-0.96,2.12
7.46,2.49,4.83,-1.33,-1.16,2.39
7.99,2.97,5.66,-1.62,-1.36,2.70
8.65,3.52,6.61,-1.94,-1.53,3.05
9.51,4.16,7.72,-2.24,-1.65,3.43
10.51,4.92,9.02,-2.54,-1.72,3.83
11.74,5.89,10.41,-2.79,-1.80,4.27
12.81,7.03,11.84,-3.07,-1.81,4.65
13.74,8.08,12.85,-3.33,-1.81,5.00
14.25,8.98,13.33,-3.50,-1.81,5.34
14.02,9.59,13.00,-3.57,-1.83,5.61
13.41,10.10,12.60,-3.56,-1.94,5.74
12.93,10.59,12.64,-3.47,-2.13,5.66
12.78,11.02,13.06,-3.30,-2.32,5.40
12.67,11.26,13.92,-3.14,-2.54,5.04
12.55,11.46,14.28,-2.77,-2.39,4.64
12.11,11.52,14.75,-2.71,-2.32,4.28
11.61,11.48,14.84,-2.62,-2.43,3.93
10.72,11.79,14.18,-2.44,-2.38,3.49
10.08,11.68,13.66,-2.28,-2.34,3.07
9.72,11.44,13.17,-2.02,-2.34,2.66
9.14,10.98,12.16,-1.62,-2.16,2.24
8.40,10.06,10.93,-1.18,-1.91,1.94
7.36,9.09,9.75,-0.72,-1.71,1.78
6.09,8.21,8.56,-0.34,-1.49,1.73
5.12,7.29,7.71,-0.02,-1.38,1.81
4.35,6.71,7.33,0.26,-1.28,1.93
3.47,6.17,7.24,0.41,-1.06,1.99
2.84,5.90,7.44,0.48,-0.95,2.03
2.44,5.81,7.57,0.45,-0.74,1.96
2.13,5.80,7.61,0.26,-0.50,1.81
1.86,5.99,7.53,-0.05,-0.31,1.58
1.67,6.40,7.35,-0.46,-0.19,1.27
1.47,6.97,7.17,-0.88,-0.16,0.87
1.24,7.71,7.17,-1.15,-0.21,0.42
1.02,8.48,7.07,-1.28,-0.31,-0.05
0.90,9.11,7.16,-1.29,-0.36,-0.51
0.91,9.53,7.44,-1.14,-0.34,-0.96
1.14,9.62,7.68,-0.87,-0.23,-1.35
1.67,9.48,8.00,-0.56,0.06,-1.72
2.44,9.27,8.36,-0.26,0.50,-2.03
3.35,9.17,8.64,0.01,0.98,-2.24
4.47,9.11,8.69,0.28,1.40,-2.36
5.39,9.16,8.67,0.56,1.77,-2.49
6.37,9.27,8.72,0.85,2.01,-2.65
7.62,9.40,8.89,1.17,2.12,-2.82
8.77,9.59,9.47,1.47,2.19,-2.98
10.20,9.81,10.46,1.75,2.25,-3.12
11.31,10.00,11.58,2.00,2.32,-3.27
12.92,10.21,12.51,2.18,2.49,-3.45
14.20,10.39,13.23,2.37,2.55,-3.49
14.58,10.50,13.54,2.53,2.71,-3.57
14.58,10.23,13.18,2.70,2.73,-3.65
13.72,9.49,11.93,2.88,2.53,-3.76
12.65,8.80,10.60,2.97,2.28,-3.92
12.17,8.35,10.18,2.97,2.05,-4.10
12.45,7.96,10.38,2.97,1.95,-4.32
13.05,7.77,10.84,2.97,2.00,-4.46
13.92,7.60,11.51,2.92,2.12,-4.46
14.68,7.42,12.11,2.85,2.28,-4.33
14.96,7.15,12.24,2.74,2.39,-4.11
15.22,6.69,11.36,2.51,2.44,-3.81
14.96,6.22,9.98,2.32,2.34,-3.42
14.31,5.76,8.30,2.14,2.28,-3.11
13.05,5.27,6.77,1.97,2.11,-2.82
11.48,4.78,5.47,1.87,1.74,-2.54
9.78,4.30,4.38,1.71,1.18,-2.34
8.43,3.77,3.58,1.53,0.57,-2.23
7.28,3.19,2.95,1.36,0.10,-2.22
6.38,2.65,2.56,1.19,-0.17,-2.24
5.72,2.16,2.40,1.06,-0.32,-2.23
5.30,1.65,2.24,0.93,-0.39,-2.17
5.04,1.25,2.12,0.77,-0.39,-2.05
4.84,0.95,2.06,0.57,-0.35,-1.85
4.72,0.80,2.10,0.34,-0.30,-1.63
4.75,0.75,2.18,0.10,-0.29,-1.37
4.85,0.81,2.25,-0.12,-0.30,-1.09
4.92,0.96,2.29,-0.32,-0.34,-0.79
5.05,1.10,2.29,-0.47,-0.40,-0.48
5.23,1.30,2.27,-0.57,-0.43,-0.14
5.44,1.51,2.27,-0.66,-0.43,0.23
5.80,1.70,2.44,-0.71,-0.42,0.64
6.19,1.88,2.66,-0.75,-0.46,1.07
6.59,2.06,2.97,-0.81,-0.56,1.50
7.01,2.21,3.35,-0.92,-0.70,1.92
7.41,2.42,3.84,-1.10,-0.87,2.32
7.84,2.69,4.42,-1.34,-1.04,2.68
8.38,3.20,5.19,-1.62,-1.19,3.00
9.00,3.86,6.12,-1.94,-1.33,3.29
9.89,4.64,7.33,-2.24,-1.51,3.58
11.00,5.59,8.65,-2.50,-1.67,3.87
12.22,6.63,10.10,-2.74,-1.83,4.21
13.24,7.73,11.44,-3.00,-1.86,4.50
13.96,8.64,12.09,-3.15,-1.88,4.83
14.05,9.46,12.01,-3.25,-1.83,5.19
13.64,10.00,11.36,-3.22,-1.81,5.45
13.05,10.46,10.88,-3.06,-1.85,5.57
12.81,10.85,11.05,-2.80,-2.01,5.49
12.66,10.96,11.58,-2.56,-2.27,5.25
