-8.75,-1.77,0.54,-0.24,0.04,-0.23
-8.78,-1.70,0.52,-0.16,0.02,-0.23
-8.76,-1.68,0.47,-0.15,0.02,-0.22
-8.77,-1.64,0.48,-0.11,0.02,-0.22
-8.78,-1.64,0.42,-0.13,0.02,-0.20
-8.79,-1.66,0.50,-0.13,0.02,-0.19
-8.83,-1.67,0.44,-0.16,0.02,-0.18
-8.86,-1.71,0.48,-0.16,0.02,-0.19
-8.85,-1.70,0.49,-0.19,0.01,-0.19
-8.81,-1.68,0.51,-0.16,0.01,-0.20
-8.81,-1.65,0.51,-0.16,0.00,-0.18
-8.82,-1.66,0.52,-0.14,-0.00,-0.16
-8.85,-1.64,0.57,-0.12,-0.01,-0.16
-8.82,-1.63,0.53,-0.13,-0.02,-0.14
-8.85,-1.63,0.52,-0.13,-0.02,-0.12
-8.84,-1.65,0.51,-0.12,-0.03,-0.10
-8.84,-1.67,0.48,-0.10,-0.04,-0.07
-8.83,-1.68,0.48,-0.10,-0.05,-0.05
-8.83,-1.70,0.45,-0.11,-0.05,-0.04
-8.83,-1.73,0.48,-0.09,-0.05,-0.02
-8.81,-1.71,0.46,-0.08,-0.06,-0.01
-8.81,-1.71,0.47,-0.05,-0.07,0.00
-8.79,-1.74,0.48,-0.07,-0.08,0.01
-8.79,-1.76,0.41,-0.09,-0.08,0.02
-8.78,-1.83,0.45,-0.09,-0.07,0.02
-8.75,-1.88,0.39,-0.08,-0.07,0.02
-8.74,-1.93,0.47,-0.07,-0.08,0.01
-8.68,-1.97,0.41,-0.07,-0.10,0.01
-8.68,-1.98,0.37,-0.05,-0.10,0.00
-8.71,-2.01,0.35,-0.02,-0.09,0.00
-8.72,-2.03,0.34,-0.02,-0.07,-0.00
-8.75,-2.07,0.34,-0.03,-0.05,-0.01
-8.81,-2.11,0.30,-0.07,-0.04,-0.03
-8.81,-2.09,0.29,-0.06,-0.02,-0.06
-8.78,-2.06,0.28,-0.02,-0.01,-0.08
-8.76,-2.06,0.30,-0.01,-0.02,-0.08
-8.71,-1.99,0.30,-0.00,-0.03,-0.07
-8.72,-1.98,0.29,0.02,-0.03,-0.07
-8.70,-2.00,0.25,0.01,-0.02,-0.06
-8.71,-1.98,0.29,-0.01,-0.02,-0.06
-8.72,-1.99,0.28,-0.02,-0.01,-0.05
-8.76,-2.01,0.34,-0.04,-0.01,-0.04
-8.80,-2.02,0.38,-0.07,-0.01,-0.03
-8.78,-2.07,0.43,-0.08,-0.00,-0.03
-8.76,-2.13,0.38,-0.10,0.01,-0.04
-8.75,-2.13,0.45,-0.07,0.01,-0.06
-8.72,-2.11,0.45,-0.06,0.01,-0.07
-8.72,-2.09,0.44,-0.06,0.01,-0.09
-8.74,-2.02,0.45,-0.03,0.01,-0.09
-8.74,-1.97,0.42,-0.04,0.02,-0.09
-8.74,-1.93,0.45,-0.06,0.02,-0.09
-8.77,-1.91,0.44,-0.07,0.03,-0.08
-8.75,-1.90,0.44,-0.09,0.03,-0.07
-8.75,-1.90,0.51,-0.08,0.04,-0.06
-8.70,-1.95,0.49,-0.11,0.04,-0.05
-8.72,-1.92,0.52,-0.10,0.04,-0.04
-8.74,-1.96,0.56,-0.11,0.04,-0.04
-8.78,-1.97,0.55,-0.12,0.03,-0.03
-8.77,-1.99,0.53,-0.12,0.03,-0.03
-8.77,-1.98,0.52,-0.11,0.03,-0.03
-8.76,-1.98,0.48,-0.10,0.03,-0.03
-8.74,-1.96,0.45,-0.09,0.03,-0.03
-8.73,-1.96,0.49,-0.08,0.03,-0.03
-8.73,-1.98,0.45,-0.11,0.04,-0.02
-8.74,-1.94,0.47,-0.12,0.03,-0.02
-8.72,-1.93,0.43,-0.13,0.02,-0.03
-8.66,-1.93,0.48,-0.14,0.02,-0.03
-8.68,-1.96,0.41,-0.14,0.02,-0.03
-8.66,-1.98,0.43,-0.15,0.03,-0.03
-8.71,-1.98,0.47,-0.14,0.03,-0.03
-8.67,-2.00,0.46,-0.13,0.02,-0.03
-8.69,-2.04,0.50,-0.11,0.02,-0.04
-8.67,-2.01,0.49,-0.10,0.01,-0.04
-8.62,-2.00,0.50,-0.13,0.01,-0.04
-8.63,-1.99,0.47,-0.13,0.00,-0.04
-8.60,-1.99,0.46,-0.13,0.00,-0.05
-8.62,-1.95,0.47,-0.11,0.00,-0.06
-8.68,-1.93,0.47,-0.09,0.00,-0.06
-8.71,-1.93,0.45,-0.14,0.01,-0.06
-8.74,-1.95,0.43,-0.14,0.01,-0.06
-8.70,-1.90,0.44,-0.13,-0.00,-0.07
-8.70,-1.91,0.45,-0.09,-0.01,-0.07
-8.70,-1.96,0.42,-0.08,-0.01,-0.06
-8.73,-2.00,0.38,-0.08,-0.01,-0.06
-8.78,-1.97,0.40,-0.06,-0.00,-0.07
-8.78,-1.96,0.41,-0.04,-0.00,-0.07
-8.79,-1.96,0.42,-0.04,-0.01,-0.07
-8.77,-1.93,0.42,-0.03,-0.01,-0.07
-8.79,-1.90,0.30,-0.05,-0.01,-0.07
-8.78,-1.87,0.27,-0.03,-0.01,-0.07
-8.77,-1.88,0.24,-0.03,-0.00,-0.07
-8.81,-1.92,0.19,-0.00,0.01,-0.06
-8.84,-1.94,0.20,0.01,0.02,-0.07
-8.87,-1.99,0.18,0.00,0.03,-0.08
-8.85,-1.99,0.26,0.00,0.03,-0.09
-8.81,-1.99,0.25,0.01,0.03,-0.11
-8.79,-2.01,0.17,0.04,0.04,-0.13
-8.77,-1.98,0.14,0.08,0.04,-0.14
-8.72,-1.95,0.10,0.09,0.05,-0.16
-8.69,-1.92,0.09,0.11,0.06,-0.17
-8.64,-1.88,0.09,0.11,0.08,-0.19
-8.65,-1.88,0.08,0.13,0.09,-0.21
-8.68,-1.86,0.09,0.14,0.10,-0.23
-8.70,-1.86,0.11,0.16,0.12,-0.25
-8.83,-1.84,0.10,0.23,0.16,-0.28
-8.89,-1.76,0.26,0.35,0.19,-0.29
-8.96,-1.73,0.50,0.41,0.21,-0.28
-9.01,-1.68,0.56,0.48,0.20,-0.29
-9.02,-1.59,0.59,0.54,0.19,-0.32
-9.00,-1.48,0.58,0.60,0.18,-0.32
-9.02,-1.31,0.51,0.67,0.19,-0.30
-9.07,-1.17,0.60,0.77,0.21,-0.29
-9.09,-0.97,0.62,0.87,0.23,-0.27
-9.11,-0.71,0.65,0.99,0.25,-0.20
-9.22,-0.68,0.67,1.16,0.26,-0.16
-9.02,-0.80,0.79,1.11,0.24,-0.18
-9.06,-0.82,0.59,1.08,0.23,-0.17
-9.16,-0.68,0.85,1.15,0.27,-0.18
-9.27,-0.45,0.90,1.22,0.32,-0.17
-9.34,-0.13,1.26,1.36,0.37,-0.17
-9.33,0.14,1.40,1.35,0.38,-0.13
-9.32,0.42,1.40,1.44,0.35,-0.06
-9.26,0.77,1.47,1.58,0.28,0.05
-9.38,1.13,1.35,1.63,0.21,0.14
-9.42,1.46,1.39,1.56,0.18,0.18
-9.45,1.74,1.40,1.40,0.19,0.16
-9.41,1.91,1.48,1.18,0.22,0.15
-9.43,2.05,1.69,1.03,0.29,0.17
-9.66,2.30,2.10,0.97,0.37,0.24
-10.01,2.83,2.30,1.06,0.44,0.30
-10.32,3.37,2.56,1.22,0.44,0.43
-10.77,3.83,2.76,1.33,0.42,0.66
-11.12,3.98,3.14,1.43,0.42,0.87
-11.37,3.80,3.45,1.46,0.38,1.05
-11.36,3.51,3.82,1.46,0.29,1.20
-11.36,3.28,4.07,1.35,0.15,1.34
-11.42,3.13,4.17,1.36,-0.02,1.44
-11.54,3.12,4.21,1.42,-0.17,1.53
-11.45,3.29,4.15,1.52,-0.27,1.67
-11.36,3.51,3.94,1.69,-0.31,1.86
-11.19,3.66,3.83,1.88,-0.34,2.08
-11.09,3.56,3.54,2.06,-0.40,2.25
-10.72,3.48,3.21,2.11,-0.48,2.33
-10.20,3.32,2.48,1.99,-0.59,2.47
-9.89,2.98,1.71,1.90,-0.62,2.58
-9.45,2.53,1.34,1.79,-0.58,2.64
-9.25,1.81,0.79,1.58,-0.50,2.65
-8.76,1.01,0.05,1.48,-0.38,2.43
-8.32,0.56,-0.53,1.59,-0.20,2.27
-8.10,0.19,-0.72,1.62,0.04,2.17
-8.34,-0.20,-0.75,1.58,0.27,2.11
-8.58,-0.70,-0.76,1.52,0.44,1.99
-9.06,-1.39,-0.62,1.39,0.53,1.92
-9.54,-2.47,-0.45,1.22,0.53,1.81
-9.11,-3.52,-0.68,0.77,0.47,1.59
-8.20,-4.38,-0.84,0.44,0.43,1.33
-7.26,-5.05,-0.82,0.08,0.44,0.97
-6.37,-5.61,-0.68,-0.24,0.47,0.58
-5.56,-5.99,-0.50,-0.63,0.48,0.19
-5.04,-6.42,-0.62,-0.92,0.43,-0.11
-4.87,-6.68,-0.92,-1.09,0.36,-0.40
-5.14,-6.63,-1.20,-1.18,0.34,-0.73
-5.50,-6.30,-1.32,-1.29,0.38,-1.11
-6.11,-5.87,-1.13,-1.48,0.47,-1.50
-6.99,-5.39,-0.93,-1.64,0.56,-1.90
-8.32,-5.05,-0.69,-1.71,0.61,-2.15
-9.90,-4.41,-0.57,-1.82,0.67,-2.44
-12.14,-3.55,-0.24,-1.99,0.77,-2.59
-13.86,-2.78,0.29,-2.34,0.84,-2.86
-16.27,-2.10,0.95,-2.67,0.95,-2.97
-18.63,-1.41,2.17,-2.81,1.07,-3.26
-21.19,-0.11,2.94,-2.74,0.98,-3.35
-23.57,2.04,3.62,-2.57,0.77,-3.48
-24.26,4.84,3.77,-2.36,0.43,-3.62
-22.80,6.57,3.34,-2.42,0.03,-3.31
-22.16,7.78,2.18,-2.30,0.06,-2.83
-20.67,8.53,2.22,-2.10,0.49,-2.52
-19.51,9.18,3.30,-1.77,1.08,-2.53
-17.48,9.79,4.98,-1.53,1.40,-2.63
-15.55,10.85,6.90,-1.54,1.23,-2.34
-14.50,12.46,7.89,-1.66,0.85,-2.11
-12.80,12.74,8.08,-1.91,0.53,-1.60
-10.94,12.46,8.52,-2.28,0.18,-1.22
-9.23,11.64,7.81,-2.41,-0.29,-0.80
-7.63,11.27,6.75,-2.14,-0.76,-0.56
-6.02,11.78,4.92,-1.72,-1.15,-0.36
-4.36,12.41,3.29,-1.39,-1.27,-0.19
-2.38,12.53,2.14,-0.82,-1.10,0.26
-1.20,11.60,2.47,-0.22,-0.78,0.72
0.58,10.73,2.90,0.31,-0.56,1.20
1.22,9.95,3.72,1.23,-0.57,1.73
0.83,9.95,4.14,2.14,-0.80,2.05
-0.38,10.64,4.27,2.81,-1.11,2.44
-2.01,11.69,4.56,3.12,-1.54,2.78
-4.61,12.95,4.64,2.97,-1.98,3.17
-5.97,12.68,4.97,2.26,-2.42,3.93
-9.28,10.83,4.94,1.86,-2.86,4.94
-11.30,8.54,5.13,1.86,-3.18,5.32
-12.40,6.94,5.15,2.48,-3.37,5.29
-13.07,6.58,5.44,2.97,-3.38,5.27
-16.03,7.95,6.53,3.41,-3.05,5.40
-19.34,10.16,8.45,3.59,-2.57,5.43
-21.30,10.46,8.09,2.95,-2.36,5.92
-25.13,9.05,7.94,2.16,-1.85,6.36
-27.36,7.30,8.27,1.35,-1.15,6.00
-26.89,4.31,8.89,0.70,-0.94,5.06
-24.55,1.04,7.79,0.13,-1.45,4.39
-22.92,-1.72,5.76,-0.03,-2.30,4.12
-21.55,-4.21,2.69,-0.09,-2.71,3.33
-18.48,-5.94,-0.06,0.15,-2.38,2.56
-14.90,-6.96,-1.70,0.62,-1.42,1.65
-12.43,-7.33,-2.35,1.19,-0.31,0.83
-10.33,-7.16,-1.85,1.60,0.54,0.17
-9.45,-6.79,-0.98,1.70,1.00,-0.60
-7.10,-6.27,-0.51,1.26,1.06,-1.28
-6.00,-6.34,-1.12,0.53,0.95,-1.47
-5.34,-6.12,-2.01,-0.03,1.12,-1.86
-4.71,-5.41,-2.44,-0.32,1.55,-2.31
-4.82,-4.75,-2.35,-0.32,2.07,-2.57
-3.95,-4.38,-1.84,-0.34,2.33,-2.59
-3.82,-3.95,-1.45,-0.35,2.29,-2.54
-4.34,-3.90,-1.36,-0.45,2.07,-2.23
-4.73,-4.00,-2.07,-0.52,2.06,-2.21
-11.76,-1.63,-2.23,-0.18,3.17,-2.88
-15.95,1.19,-0.56,-0.11,3.22,-3.43
-19.57,6.98,1.54,-0.27,2.93,-4.40
-21.69,12.99,3.22,-1.17,2.43,-4.59
-21.76,16.85,3.91,-2.43,2.16,-4.53
-21.93,19.73,5.04,-3.32,2.19,-4.18
-21.46,21.61,7.86,-3.86,2.32,-4.19
-19.30,22.62,10.16,-3.87,2.11,-4.22
-15.69,24.50,12.26,-3.58,1.46,-4.08
-12.30,25.74,12.34,-3.29,0.52,-3.61
-9.26,25.54,10.71,-2.98,-0.23,-2.69
-6.88,23.86,8.67,-2.22,-0.50,-1.50
-5.15,21.52,7.23,-1.30,-0.53,-0.25
-3.69,19.32,6.31,-0.23,-0.62,0.69
-2.17,17.14,5.23,0.38,-0.81,1.38
-0.71,15.06,4.09,0.53,-1.05,1.86
0.57,12.76,2.60,0.61,-1.26,2.28
1.59,10.62,1.50,0.62,-1.38,2.64
2.36,8.95,0.38,0.64,-1.47,3.00
2.44,7.73,-0.72,0.92,-1.57,3.30
1.76,6.75,-1.74,1.32,-1.68,3.68
0.35,6.42,-2.44,1.65,-1.72,3.89
-1.21,6.91,-2.24,1.73,-1.66,3.95
-3.48,7.83,-1.32,1.59,-1.52,4.13
-5.90,9.52,0.55,1.15,-1.48,4.23
-8.32,11.00,1.94,0.65,-1.56,4.51
-11.39,12.52,3.48,0.54,-1.71,4.58
-13.92,13.91,4.36,0.48,-1.89,4.63
-17.32,14.61,3.57,0.94,-2.03,4.87
-22.20,13.74,2.62,1.61,-1.65,5.09
-23.71,13.77,2.96,2.07,-0.79,4.34
-22.87,13.15,4.67,1.98,-0.37,3.85
-22.48,9.96,4.22,1.30,-0.74,3.75
-20.17,5.90,1.45,0.92,-1.21,3.07
-16.56,1.81,-1.30,0.76,-1.40,2.42
-13.64,-1.37,-3.39,0.65,-1.08,1.66
-10.28,-3.22,-4.46,0.81,-0.26,0.64
-8.04,-3.84,-3.63,0.86,0.75,-0.41
-7.09,-3.90,-2.53,0.55,1.38,-1.24
-6.58,-4.19,-1.46,0.09,1.61,-1.91
-6.27,-4.84,-1.13,-0.49,1.62,-2.48
-6.17,-4.99,-1.21,-1.05,1.65,-2.96
-6.10,-4.60,-1.40,-1.30,1.90,-3.39
-5.94,-4.00,-1.15,-1.37,2.21,-3.74
-6.00,-3.03,-0.81,-1.48,2.41,-3.70
-5.24,-2.45,-0.12,-1.38,2.51,-3.63
-5.66,-1.77,0.09,-1.15,2.38,-3.34
-6.00,-1.15,0.12,-0.92,2.22,-3.33
-6.19,-0.17,-0.06,-0.80,2.05,-3.42
-7.46,0.96,-0.31,-0.80,1.93,-3.36
-9.57,2.44,0.10,-0.90,1.93,-3.56
-12.61,5.21,0.54,-1.27,1.96,-3.67
-15.54,9.58,2.09,-1.65,1.94,-3.85
-18.11,13.82,3.47,-1.54,1.74,-3.77
-19.98,17.03,4.47,-1.18,1.44,-3.61
-19.35,20.69,4.49,-1.06,1.26,-3.59
-18.50,24.45,5.65,-1.37,1.35,-3.29
-15.76,25.30,7.34,-2.16,1.41,-2.81
-12.32,23.47,8.22,-2.90,1.18,-2.23
-8.57,20.91,8.68,-3.08,0.85,-1.76
-6.11,18.84,8.78,-2.68,0.42,-1.31
-4.39,17.56,8.43,-1.89,-0.04,-0.95
-2.89,17.16,7.67,-1.05,-0.45,-0.64
-1.42,17.18,6.31,-0.65,-0.79,-0.13
-0.51,17.07,4.78,-0.36,-1.00,0.62
-0.08,16.21,3.58,-0.39,-1.12,1.35
0.07,15.03,2.85,-0.52,-1.30,1.93
0.28,13.58,1.71,-0.77,-1.65,2.39
-0.15,12.17,0.21,-0.68,-1.99,2.72
-1.00,11.38,-1.18,-0.37,-2.25,2.99
-2.19,10.86,-2.01,0.14,-2.33,3.33
-2.83,10.45,-2.17,0.48,-2.30,3.75
-3.88,9.98,-2.05,0.72,-2.17,4.35
-5.75,9.88,-1.15,0.87,-1.97,4.84
-7.43,9.62,-0.28,0.93,-1.84,5.12
-8.99,9.56,0.90,1.07,-1.81,5.18
-11.10,9.89,1.65,1.42,-1.76,5.15
-12.63,9.99,2.33,1.68,-1.85,5.20
-14.88,8.60,1.40,1.66,-2.00,5.45
-17.76,7.13,1.05,1.79,-1.67,5.00
-20.02,6.64,0.91,1.79,-0.94,4.08
-20.70,6.17,1.26,1.42,-0.43,3.17
-20.28,4.57,0.78,0.46,-0.22,2.52
-17.97,1.61,0.08,-0.31,0.03,1.75
-14.63,-1.61,-0.67,-0.69,0.42,1.02
-11.76,-3.70,-0.85,-0.59,0.90,0.13
-9.87,-4.29,-0.56,-0.29,1.28,-0.88
-9.37,-3.91,-0.33,-0.05,1.49,-1.89
-8.88,-3.16,-0.25,-0.12,1.66,-2.69
-8.43,-2.52,-0.21,-0.59,1.90,-3.17
-8.28,-2.18,-0.59,-1.23,2.22,-3.37
-8.03,-2.06,-0.59,-1.81,2.64,-3.50
-8.58,-2.36,-0.54,-2.13,3.14,-3.56
-9.85,-2.72,0.05,-2.30,3.59,-3.75
-10.86,-2.37,1.15,-2.28,4.02,-4.08
-12.06,-1.19,2.83,-2.17,4.31,-4.52
-12.33,0.68,3.96,-2.04,4.27,-4.77
-11.92,2.93,4.30,-1.96,4.01,-4.69
-13.01,4.61,4.90,-1.70,3.77,-4.26
-14.61,5.84,5.79,-1.39,3.54,-3.95
-16.06,6.61,7.01,-1.27,3.17,-3.95
-15.35,8.44,8.54,-1.41,2.56,-4.24
-14.53,11.51,8.70,-2.09,1.89,-4.16
-14.57,14.82,8.40,-2.57,1.61,-4.07
-14.71,18.64,8.65,-2.67,1.66,-3.92
-13.27,21.94,9.25,-2.17,1.69,-3.52
-11.66,24.00,10.08,-1.39,1.58,-2.81
-10.30,24.61,10.69,-0.86,1.30,-2.12
-8.12,24.53,10.83,-0.88,0.78,-1.56
-6.40,24.73,9.98,-1.15,0.03,-0.70
-6.55,23.90,8.22,-1.42,-0.70,0.22
-6.28,21.77,5.66,-1.71,-1.27,1.04
-5.80,19.04,3.57,-1.90,-1.56,1.75
-5.43,16.54,2.36,-1.86,-1.61,2.36
-5.13,14.46,1.87,-1.73,-1.57,2.82
-5.08,12.88,1.52,-1.53,-1.61,3.19
-5.32,11.84,0.82,-1.36,-1.77,3.47
-6.22,11.17,-0.58,-1.17,-1.96,3.78
-7.28,10.74,-2.04,-1.18,-2.02,4.08
-7.53,10.02,-2.89,-0.94,-1.97,4.28
-8.31,8.42,-3.84,-0.46,-1.91,4.57
-9.28,6.98,-4.04,0.42,-1.79,4.74
-10.80,6.34,-3.57,1.22,-1.69,4.97
-13.27,5.72,-2.83,1.76,-1.61,5.10
-15.40,5.15,-1.85,1.96,-1.54,5.07
-16.57,5.09,-1.02,2.06,-1.46,4.81
-17.28,5.37,-0.49,2.06,-1.38,4.67
-18.13,4.82,-0.22,2.01,-1.35,4.58
-17.15,3.37,-0.83,1.85,-1.41,4.27
-16.24,1.97,-2.04,1.82,-1.27,4.01
-15.68,1.87,-2.37,1.70,-0.68,3.34
-14.57,2.14,-1.74,1.18,0.42,2.37
-12.68,1.86,0.02,0.50,1.69,1.42
-13.01,1.10,2.77,-0.07,2.61,0.93
-12.78,-0.17,4.89,-0.38,3.02,0.23
-11.36,-1.53,5.94,-0.53,2.59,-0.25
-11.31,-2.06,4.01,-0.87,2.05,-0.65
-9.78,-1.98,2.60,-0.76,2.16,-1.12
-9.58,-1.96,2.04,-0.88,2.69,-1.33
-9.46,-2.22,2.41,-1.15,3.37,-1.55
-9.43,-2.50,3.41,-1.42,3.90,-1.83
-10.16,-2.63,4.49,-1.65,4.14,-2.09
-9.20,-2.49,5.16,-1.80,4.15,-2.61
-8.52,-2.18,5.08,-1.95,3.93,-2.82
-8.38,-1.37,4.60,-2.10,3.77,-2.92
-8.46,-0.39,4.09,-2.25,3.80,-2.88
-8.84,0.66,4.30,-2.37,3.93,-2.94
-8.97,1.87,5.07,-2.60,4.03,-3.00
-8.58,2.72,5.90,-2.91,3.97,-2.88
-8.61,3.12,6.98,-2.93,3.72,-2.77
-8.98,3.87,7.65,-2.90,3.45,-2.93
-10.00,5.69,8.85,-2.95,3.43,-3.24
-12.31,8.71,10.65,-2.93,3.51,-3.33
-14.55,11.52,12.54,-2.82,3.43,-3.15
-15.86,13.51,14.44,-2.51,2.78,-3.10
-15.92,15.55,14.02,-2.89,1.80,-3.32
-16.05,18.01,11.78,-3.41,1.08,-3.32
-14.45,19.31,10.03,-3.75,0.96,-3.15
-12.11,19.42,9.61,-3.73,1.09,-2.67
-9.48,19.35,10.20,-3.20,1.02,-2.31
-7.46,19.71,10.18,-2.38,0.64,-1.83
-6.36,20.09,9.35,-1.73,0.14,-1.37
-4.64,20.22,7.83,-1.46,-0.33,-0.76
-3.59,20.23,6.06,-1.35,-0.64,0.10
-2.44,19.07,4.57,-1.26,-0.76,0.80
-1.57,16.95,3.53,-1.26,-0.86,1.57
-0.97,14.42,2.73,-1.23,-0.95,2.23
-0.84,12.52,1.92,-1.04,-1.16,2.68
-0.94,11.31,0.93,-0.75,-1.47,2.99
-1.35,10.21,-0.15,-0.45,-1.74,3.25
-2.28,9.39,-1.21,-0.21,-1.92,3.48
-3.20,8.75,-2.19,-0.04,-1.99,3.67
-4.15,8.38,-2.33,0.27,-1.93,3.83
-5.04,8.51,-1.69,0.46,-1.85,4.09
-6.34,8.55,-0.96,0.58,-1.88,4.45
-7.53,8.23,-0.21,0.61,-1.99,4.59
-8.76,8.57,0.38,0.93,-2.00,4.50
-9.94,9.78,1.53,1.35,-1.82,4.22
-11.62,11.08,2.48,1.80,-1.60,4.28
-14.97,10.95,2.95,2.36,-1.13,4.41
-16.98,10.49,4.36,2.87,-0.40,4.29
-18.14,9.77,5.72,2.91,-0.02,3.93
-18.16,8.39,6.50,2.58,-0.09,3.31
-17.10,6.24,5.72,1.83,-0.55,2.54
-14.95,3.69,3.33,1.15,-1.05,1.86
-12.84,0.94,0.64,0.76,-1.27,1.21
-10.51,-1.24,-2.05,0.37,-1.05,0.68
-9.41,-2.44,-3.68,0.11,-0.15,0.12
-8.54,-2.44,-3.28,-0.41,1.18,-0.48
-7.72,-2.53,-1.23,-1.01,2.30,-0.93
-7.84,-2.88,0.84,-1.60,2.84,-1.16
-7.08,-3.50,2.35,-2.00,2.87,-1.58
-6.74,-3.89,2.21,-2.33,2.61,-1.88
-6.69,-3.91,1.32,-2.37,2.58,-2.12
-6.73,-3.28,0.73,-2.04,2.95,-2.28
-7.24,-2.22,1.09,-1.56,3.48,-2.43
-6.76,-1.17,2.43,-1.17,3.80,-2.58
-7.20,-0.39,3.51,-0.95,3.73,-2.60
-7.13,0.25,4.49,-1.09,3.36,-2.62
-7.27,0.41,3.85,-1.39,2.81,-2.55
-7.79,0.44,2.27,-1.64,2.48,-2.71
-8.42,1.33,1.33,-1.71,2.45,-2.92
-10.02,2.83,1.53,-1.75,2.67,-3.11
-12.11,4.47,2.52,-1.92,2.88,-3.21
-13.69,6.02,3.99,-1.78,3.04,-3.24
-15.27,8.06,5.91,-1.26,2.96,-3.39
-16.86,11.09,7.36,-1.11,2.55,-3.64
-17.18,13.91,7.50,-1.72,2.02,-3.99
-17.33,18.15,7.18,-2.69,1.68,-4.04
-16.81,20.70,8.19,-3.67,1.74,-4.07
-15.12,21.69,9.96,-4.30,1.79,-3.93
-12.14,22.08,12.32,-4.00,1.60,-3.73
-9.52,22.66,13.36,-3.16,0.85,-3.24
-7.61,22.58,12.21,-1.95,-0.11,-2.66
-5.24,22.41,9.11,-0.67,-0.88,-1.89
-4.52,22.39,6.39,0.32,-1.09,-0.97
-3.14,21.76,4.63,0.67,-1.04,-0.06
-2.39,20.85,3.57,0.71,-0.97,0.94
-1.61,18.76,3.60,0.51,-0.98,1.90
-1.14,16.09,3.31,0.39,-1.11,2.71
-0.75,13.53,2.81,0.60,-1.28,3.35
-1.16,11.50,1.87,1.28,-1.37,3.93
-2.71,9.99,1.69,2.27,-1.29,4.49
-4.56,9.24,2.21,3.01,-1.17,4.89
-6.62,8.95,3.20,3.29,-1.19,5.24
-9.13,9.23,4.74,2.93,-1.35,5.41
-11.14,9.50,5.57,1.94,-1.68,5.44
-11.81,9.62,6.42,0.91,-2.00,5.25
-12.50,10.06,6.75,0.56,-2.18,5.21
-14.38,10.71,8.04,0.96,-2.15,5.19
-16.01,10.48,8.22,1.46,-2.09,5.16
-19.99,9.32,7.77,2.54,-1.96,5.31
-22.32,8.48,6.95,2.64,-1.76,4.50
-21.87,8.33,5.70,2.51,-1.57,3.71
-20.85,7.10,4.77,1.98,-1.52,3.20
-18.66,4.18,3.12,1.50,-1.73,2.77
-15.74,0.64,1.11,1.30,-1.89,2.18
-13.13,-2.32,-0.83,1.36,-1.95,1.54
-11.35,-3.70,-1.90,1.50,-1.78,0.70
-9.49,-3.86,-2.55,1.30,-1.42,-0.02
-8.22,-3.58,-3.12,0.77,-0.89,-0.69
-7.14,-3.32,-2.93,0.17,-0.30,-1.22
-6.39,-3.48,-2.85,-0.53,0.29,-1.63
-6.18,-3.96,-2.49,-1.04,0.90,-1.94
-6.26,-4.16,-1.83,-1.42,1.47,-2.27
-6.68,-3.78,-1.24,-1.61,1.99,-2.55
-6.61,-3.20,-1.19,-1.41,2.39,-3.05
-6.19,-3.00,-0.91,-0.46,2.43,-3.42
-4.97,-2.83,-0.00,-0.66,2.15,-3.45
-4.06,-3.24,-0.20,-1.57,1.83,-3.25
-4.54,-2.73,-2.07,-2.86,1.69,-2.94
-6.37,-2.05,-3.25,-1.90,1.85,-2.98
-8.04,-0.96,-3.51,-1.83,2.07,-3.10
-12.38,0.19,-2.64,-0.81,2.39,-3.53
-16.46,2.86,-0.03,-0.93,2.50,-4.46
-19.41,7.86,2.19,-1.59,2.40,-5.39
-22.14,14.01,4.14,-2.54,2.31,-5.65
-24.17,19.10,6.42,-3.00,2.33,-5.75
-23.39,23.11,8.64,-2.99,2.36,-5.37
-22.41,25.43,11.61,-2.57,2.24,-4.79
-19.13,25.91,13.29,-2.21,1.74,-4.44
-14.34,24.98,13.67,-1.83,1.00,-3.97
-10.44,23.24,12.74,-1.22,0.12,-3.18
-7.25,21.07,10.83,-0.62,-0.70,-2.60
-5.09,20.14,7.63,-0.32,-1.22,-1.84
-2.86,19.42,5.14,0.19,-1.23,-1.21
-1.54,18.93,3.79,0.57,-1.08,-0.36
-0.39,17.98,3.11,0.58,-1.00,0.44
1.01,16.60,2.57,0.31,-1.13,1.05
2.54,15.00,1.67,0.21,-1.31,1.69
2.65,13.32,0.96,0.34,-1.40,2.39
1.08,11.68,0.56,0.79,-1.33,3.17
-0.26,10.14,0.88,1.56,-1.18,3.61
-2.58,8.99,1.36,2.01,-1.15,4.10
-4.35,8.58,2.78,2.40,-1.15,4.43
-7.29,9.01,4.32,2.38,-1.31,4.82
-9.78,9.71,6.21,2.12,-1.61,5.09
-11.38,10.29,7.16,1.29,-1.99,5.32
-12.97,9.98,7.31,1.29,-2.33,5.67
-14.33,9.76,7.92,1.91,-2.33,5.58
-15.37,9.57,7.16,2.41,-2.32,5.52
-18.99,8.67,5.72,3.58,-2.30,5.35
-20.93,9.17,5.00,3.11,-2.03,4.26
-21.26,11.26,2.90,2.54,-1.44,3.33
-22.08,10.44,3.44,1.93,-0.88,3.16
-19.83,6.37,3.09,1.07,-0.84,2.58
-17.53,1.77,0.96,0.24,-1.17,2.22
-13.92,-1.70,-0.51,0.12,-1.28,1.26
-10.52,-3.78,-2.14,0.17,-1.14,0.39
-8.33,-4.29,-2.55,0.36,-0.77,-0.33
-6.51,-4.30,-2.77,0.37,-0.40,-0.89
-5.22,-4.49,-2.80,0.03,-0.18,-1.34
-4.09,-4.85,-3.27,-0.53,-0.03,-1.76
-3.09,-5.27,-3.81,-0.98,0.28,-2.15
-2.57,-5.38,-3.73,-1.29,0.70,-2.59
-2.13,-5.15,-3.42,-1.43,1.10,-2.84
-3.28,-4.61,-2.64,-1.36,1.43,-3.01
-3.34,-4.30,-1.75,-1.51,1.64,-3.27
-3.77,-4.02,-1.11,-1.50,1.71,-3.41
-4.22,-3.41,-1.01,-1.53,1.72,-3.55
-4.58,-3.45,-1.33,-1.60,1.65,-3.47
-5.95,-3.21,-2.25,-1.39,1.69,-3.44
-9.16,-2.54,-1.94,-0.99,1.81,-3.46
-15.01,-1.19,-1.15,-0.59,1.99,-3.47
-20.26,1.65,1.75,-0.26,2.18,-4.09
-23.57,6.92,5.23,-1.05,1.88,-4.69
-27.77,12.72,6.59,-1.76,1.34,-4.59
-29.93,17.41,7.08,-2.78,1.08,-4.87
-27.68,21.55,7.06,-3.16,1.27,-4.98
-24.95,23.94,8.96,-2.76,1.38,-4.37
-21.61,23.54,10.46,-2.46,1.14,-3.83
-16.61,22.42,10.83,-2.20,0.64,-3.45
-12.50,21.42,9.79,-1.97,0.10,-2.72
-9.92,20.07,8.37,-1.62,-0.27,-1.88
-7.76,18.78,6.62,-1.25,-0.47,-1.23
-6.14,17.72,5.47,-0.88,-0.63,-0.65
-4.08,16.54,4.17,-0.67,-0.81,-0.18
-2.19,15.48,3.27,-0.67,-0.91,0.25
-0.62,14.26,1.96,-0.46,-0.95,0.65
1.27,12.93,1.06,-0.36,-1.02,1.06
2.77,11.58,0.08,0.18,-1.05,1.61
3.22,10.23,-0.78,0.81,-0.99,2.17
2.67,9.43,-1.05,1.48,-0.90,2.59
1.43,9.06,-0.68,1.95,-0.89,2.91
-0.23,8.93,-0.33,2.30,-1.01,3.29
-2.23,9.16,0.84,2.09,-1.19,3.74
-4.67,8.73,1.53,1.41,-1.40,4.13
-6.68,8.23,2.30,0.94,-1.58,4.43
-8.48,8.27,3.74,0.61,-1.82,4.74
-10.27,8.34,4.31,0.67,-2.10,5.00
-12.25,8.59,4.90,1.40,-2.18,5.07
-14.83,9.79,5.67,2.52,-2.01,5.15
-17.51,10.78,5.45,2.86,-1.75,5.18
-20.50,10.35,3.93,3.33,-1.33,5.22
-23.11,10.78,3.94,3.29,-0.60,4.64
-23.47,11.43,5.20,2.63,-0.23,4.07
-23.08,9.39,5.94,0.94,-0.47,3.54
-20.07,5.10,3.45,-0.95,-0.95,2.75
-15.60,0.49,-0.02,-0.89,-1.24,2.05
-12.23,-2.86,-1.63,-0.26,-1.14,1.58
-10.28,-4.64,-3.17,0.33,-0.51,0.75
-8.83,-5.02,-3.17,0.78,0.39,-0.09
-7.73,-4.57,-1.70,0.84,1.09,-0.89
-7.02,-4.23,-0.27,0.65,1.28,-1.49
-6.27,-4.16,0.60,0.01,1.16,-2.06
-6.00,-4.05,0.27,-0.71,0.98,-2.51
-5.45,-3.71,-0.30,-1.37,0.90,-2.90
-4.57,-3.53,-0.93,-1.80,0.98,-3.07
-3.95,-3.48,-1.58,-2.12,1.15,-3.00
-3.91,-3.82,-2.16,-1.97,1.45,-2.88
-4.49,-4.07,-2.33,-1.61,1.72,-2.91
-5.17,-3.92,-2.74,-1.24,1.93,-3.12
-6.44,-3.20,-2.74,-0.96,2.11,-3.45
-7.84,-1.59,-2.15,-1.14,2.25,-3.81
-10.13,0.28,-2.12,-1.85,2.32,-4.00
-13.49,1.96,-2.46,-2.44,2.65,-4.22
-18.58,5.59,0.06,-2.70,3.27,-4.51
-23.47,10.30,3.60,-2.58,3.68,-4.41
-27.38,15.14,8.09,-1.98,3.76,-4.50
-27.17,19.83,12.68,-2.17,3.26,-4.62
-25.67,23.17,14.90,-2.53,2.37,-4.29
-22.10,23.70,15.35,-3.03,1.32,-3.80
-18.12,22.24,14.03,-3.36,0.48,-3.10
-13.86,20.24,11.82,-3.17,0.00,-2.46
-10.67,18.35,9.69,-1.90,-0.29,-1.86
-8.15,17.09,7.74,-1.03,-0.60,-1.42
-5.92,16.52,5.33,-0.30,-0.87,-1.05
-4.15,16.54,3.23,0.08,-1.00,-0.63
-2.46,16.46,1.76,0.16,-1.07,-0.17
-0.91,15.95,0.36,0.01,-1.13,0.40
0.45,14.78,-0.96,-0.13,-1.12,1.04
2.02,13.36,-1.79,-0.08,-1.00,1.58
2.94,11.81,-1.84,0.18,-0.87,2.20
2.62,10.19,-1.07,0.47,-0.80,2.65
1.29,9.12,-0.50,0.64,-0.84,2.91
0.10,8.82,-0.72,0.82,-0.89,3.19
-1.54,9.43,0.01,1.02,-0.85,3.75
-3.79,9.11,1.24,0.98,-0.99,4.48
-6.40,8.08,2.24,0.88,-1.26,5.06
-8.14,7.33,3.48,0.94,-1.52,5.40
-9.28,7.32,4.34,1.21,-1.77,5.46
-10.51,8.27,4.65,1.75,-1.90,5.21
-11.13,10.64,4.98,2.28,-1.82,4.98
-14.04,11.00,3.04,2.58,-1.62,5.40
-19.96,10.76,2.38,3.44,-1.12,5.22
-23.12,12.74,4.24,2.89,-0.71,4.30
-24.03,13.44,5.08,1.44,-0.79,3.43
-22.33,10.27,3.66,-0.32,-1.17,2.83
-18.60,5.22,0.59,-0.96,-1.45,2.04
-13.29,0.59,-1.45,-0.12,-1.30,1.30
-9.97,-2.36,-2.82,0.83,-0.81,0.56
-8.20,-3.16,-2.38,1.54,-0.27,-0.34
-6.44,-2.34,-1.52,1.71,0.14,-1.23
-5.23,-1.39,-1.06,1.12,0.27,-1.91
-4.88,-0.79,-1.43,0.33,0.27,-2.36
-4.22,-0.63,-1.53,-0.60,0.38,-2.67
-3.26,-0.84,-1.56,-1.64,0.62,-2.75
-2.77,-1.35,-1.43,-2.15,0.80,-2.74
-2.51,-1.64,-1.10,-2.31,0.95,-2.78
-2.21,-1.64,-1.13,-1.94,1.05,-2.86
-1.71,-1.75,-1.45,-1.58,1.05,-2.85
-1.79,-1.47,-1.57,-1.02,1.06,-2.75
-2.21,-0.94,-2.27,-0.76,1.10,-2.62
-2.40,-0.42,-2.84,-0.54,1.19,-2.54
-3.20,-0.10,-3.17,-0.56,1.33,-2.45
-5.09,0.11,-2.99,-0.83,1.45,-2.42
-8.28,0.11,-3.43,-1.22,1.52,-2.31
-13.25,0.62,-3.48,-1.35,1.73,-2.67
-16.47,4.00,-1.52,-1.52,2.15,-3.27
-20.94,8.57,1.44,-1.31,2.34,-3.01
-25.91,13.70,5.14,-0.88,2.35,-3.13
-28.62,20.38,8.76,-1.41,2.16,-3.07
-27.48,25.30,11.82,-2.58,1.51,-3.35
-20.97,25.35,12.03,-4.79,0.49,-3.38
-13.17,22.46,9.45,-4.60,-0.45,-2.65
-8.73,19.56,6.76,-3.31,-0.83,-1.67
-5.14,17.35,5.07,-1.57,-0.74,-1.02
-3.65,16.37,3.79,-0.45,-0.40,-0.53
-2.46,15.84,3.87,0.08,-0.02,-0.12
-1.71,14.51,4.54,0.08,0.20,0.30
-0.26,12.94,4.98,-0.09,0.13,0.45
1.24,11.42,4.65,-0.33,-0.31,0.72
1.70,10.22,3.18,-0.33,-0.93,1.13
1.68,9.48,1.32,-0.06,-1.38,1.50
1.32,8.89,-0.43,0.19,-1.60,1.90
0.07,8.27,-1.80,0.49,-1.62,2.34
-1.10,7.33,-2.60,0.79,-1.51,2.77
-2.32,6.10,-2.79,1.17,-1.38,3.04
-4.08,5.30,-2.24,1.61,-1.27,3.31
-6.50,5.10,-1.23,2.07,-1.20,3.40
-8.34,5.54,0.02,2.47,-1.22,3.31
-9.98,6.79,0.76,2.52,-1.25,3.39
-12.14,7.85,0.98,2.91,-1.15,3.36
-14.24,8.72,1.10,3.13,-0.95,3.56
-18.16,8.75,1.17,3.47,-0.49,3.83
-21.13,9.45,2.31,3.43,0.40,3.37
-21.48,10.97,4.32,2.95,1.09,2.90
-22.16,11.18,6.73,1.88,1.35,2.65
-20.95,8.59,7.69,0.52,1.03,2.29
-19.15,4.72,6.00,-0.90,0.46,2.00
-15.26,0.89,3.45,-1.33,0.05,1.64
-13.32,-1.90,1.37,-1.33,-0.13,1.49
-11.72,-2.80,-0.53,-1.32,0.26,0.91
-9.56,-2.83,-1.48,-1.04,1.01,0.36
-7.64,-2.70,-0.81,-1.14,1.79,-0.11
-6.82,-2.83,0.29,-1.43,2.26,-0.40
-6.79,-3.12,1.02,-1.79,2.50,-0.75
-5.15,-3.77,1.76,-2.22,2.55,-1.21
-4.85,-4.56,0.71,-2.52,2.58,-1.25
-4.60,-5.05,0.38,-2.44,2.79,-1.31
-4.71,-4.92,0.37,-1.60,3.08,-1.45
-4.79,-4.14,1.00,-1.24,3.28,-1.59
-5.00,-3.11,1.47,-1.06,3.45,-1.72
-5.69,-2.12,1.91,-1.56,3.59,-1.80
-6.39,-1.53,1.91,-2.57,3.65,-1.85
-7.53,-1.28,1.63,-3.32,3.75,-1.91
-9.52,-0.57,2.38,-3.87,4.02,-2.11
-11.62,0.91,4.04,-4.02,4.30,-2.38
-12.48,3.08,6.46,-3.93,4.44,-2.60
-14.26,5.25,8.80,-3.45,4.50,-2.68
-16.39,7.85,11.44,-2.91,4.31,-2.58
-18.67,10.37,14.11,-2.70,3.75,-2.73
-19.70,13.56,15.11,-3.51,2.86,-3.08
-18.91,16.99,14.17,-4.17,1.99,-3.29
-16.54,19.41,13.26,-4.63,1.29,-3.13
-14.20,20.68,11.07,-4.68,0.74,-2.56
-10.90,20.76,9.14,-4.18,0.25,-2.13
-8.89,21.23,6.30,-3.57,-0.14,-1.60
-6.66,22.65,3.67,-2.85,-0.26,-1.20
-5.58,23.97,1.70,-2.29,-0.23,-0.52
-4.41,24.16,-0.71,-2.11,-0.15,0.36
-3.31,22.66,-2.23,-2.34,0.07,1.30
-2.85,19.69,-3.33,-2.69,0.33,2.27
-2.71,16.14,-3.30,-3.02,0.46,2.99
-2.62,12.68,-3.60,-3.17,0.36,3.48
-2.13,8.92,-4.36,-2.77,0.13,3.82
-1.91,6.66,-5.18,-1.95,0.02,3.93
-1.90,5.09,-5.40,-1.10,-0.01,3.99
-1.90,3.82,-5.47,-0.29,-0.02,4.05
-2.45,2.98,-5.18,-0.33,0.01,4.05
-2.87,2.28,-5.59,-0.18,-0.01,3.99
-3.69,1.44,-6.39,0.19,0.01,3.95
-5.70,0.73,-6.29,0.47,0.22,3.84
-8.60,0.86,-5.07,0.74,0.68,3.57
-11.85,2.23,-3.33,1.24,1.12,3.33
-14.37,4.80,0.31,1.84,1.45,2.81
-16.35,7.54,3.17,1.96,1.38,2.68
-19.12,7.73,4.31,1.45,1.08,2.66
-19.91,7.06,3.28,0.24,0.87,2.12
-18.07,6.81,2.84,-0.34,0.75,1.82
-16.72,5.76,2.83,-1.51,0.86,1.46
-15.33,4.02,2.60,-1.98,1.07,1.12
-12.34,2.48,2.16,-2.16,1.31,0.44
-9.86,1.43,2.03,-1.93,1.55,-0.10
-8.30,1.09,1.96,-1.87,1.85,-0.57
-7.30,1.28,1.97,-1.78,2.22,-1.05
-6.80,1.84,2.48,-1.89,2.69,-1.46
-6.83,2.46,3.43,-2.12,3.23,-1.72
-7.41,2.55,4.90,-2.58,3.81,-1.75
-7.82,2.29,6.62,-2.75,4.28,-1.82
-6.72,1.75,9.01,-2.42,4.30,-1.81
-5.89,1.21,10.37,-2.58,3.69,-1.50
-4.41,0.83,9.42,-2.85,2.89,-1.53
-2.42,0.17,6.95,-2.71,2.24,-1.01
-2.58,-0.36,4.67,-2.80,2.02,-0.54
-2.94,-1.12,2.72,-2.80,2.30,-0.46
-3.19,-1.63,1.88,-3.22,2.80,-0.54
-3.93,-1.77,2.11,-3.53,3.23,-0.57
-5.32,-1.16,3.45,-3.98,3.54,-0.67
-5.96,-0.17,4.21,-4.43,3.80,-0.92
-6.99,1.09,5.97,-4.24,4.11,-1.31
-8.89,4.04,10.38,-3.69,4.45,-1.73
-11.29,8.23,15.18,-3.83,4.34,-1.86
-13.72,11.65,17.89,-3.92,3.21,-1.67
-16.47,14.82,17.92,-4.60,1.75,-1.54
-15.15,17.37,13.86,-5.43,0.54,-1.59
-12.28,18.21,9.99,-5.13,0.19,-1.27
-9.84,18.17,6.56,-4.05,0.41,-0.62
-7.43,17.36,5.08,-2.92,0.86,-0.29
-5.29,16.37,4.53,-2.13,1.15,0.02
-4.12,15.85,4.22,-1.43,1.30,0.22
-3.53,15.76,4.07,-1.01,1.20,0.36
-2.79,15.58,3.74,-0.93,0.94,0.49
-1.84,15.29,2.95,-1.22,0.57,0.65
-1.02,14.55,1.82,-1.58,0.18,0.90
-0.46,13.54,0.75,-1.91,-0.13,1.24
-0.00,12.12,-0.09,-1.98,-0.39,1.61
0.05,10.70,-0.97,-1.75,-0.63,1.93
-0.14,9.78,-2.30,-1.15,-0.76,2.19
-0.66,9.25,-2.87,-0.46,-0.78,2.49
-1.51,8.79,-3.07,-0.01,-0.73,2.80
-2.54,8.43,-2.81,0.27,-0.68,3.02
-3.79,8.31,-2.37,0.44,-0.65,3.24
-5.44,8.31,-2.09,0.57,-0.60,3.51
-8.25,8.29,-1.14,0.90,-0.45,3.65
-10.71,8.83,0.29,1.18,-0.19,3.67
-12.85,9.45,2.16,1.65,0.08,3.61
-14.63,9.58,3.67,1.61,0.17,3.64
-17.26,8.06,3.70,1.93,0.24,3.68
-18.89,7.13,3.96,1.89,0.36,3.19
-18.28,7.20,4.13,1.35,0.40,2.48
-17.05,6.80,3.86,0.77,0.38,2.04
-15.11,5.29,3.63,0.12,0.30,1.62
-12.73,3.21,2.31,-0.28,0.25,1.14
-10.85,1.48,1.24,-0.27,0.32,0.75
-9.83,0.15,0.38,-0.22,0.58,0.37
-8.60,-0.32,0.42,-0.36,1.06,-0.18
-7.40,-0.37,0.69,-0.36,1.54,-0.54
-6.84,-0.46,2.28,-0.60,1.84,-0.79
-6.38,-0.86,3.62,-1.08,1.84,-1.09
-5.30,-1.40,3.90,-1.68,1.59,-1.41
-4.29,-2.00,3.03,-2.15,1.28,-1.58
-3.32,-2.56,1.97,-2.35,1.09,-1.73
-2.86,-2.73,-0.11,-2.26,1.14,-1.78
-2.76,-2.76,-0.70,-1.87,1.41,-1.84
-2.95,-2.74,-1.20,-1.60,1.64,-1.91
-3.21,-2.51,-1.47,-1.53,1.78,-1.98
-3.55,-2.25,-2.04,-1.55,1.84,-2.04
-4.47,-1.61,-2.85,-1.72,1.91,-2.09
-5.95,-0.72,-3.14,-2.12,2.05,-2.12
-8.40,0.15,-3.09,-2.56,2.39,-2.16
-13.27,1.50,-1.64,-2.73,2.99,-2.03
-18.73,4.47,2.21,-2.14,3.71,-2.40
-22.15,9.44,8.54,-1.34,3.91,-2.95
-23.07,13.52,13.03,-1.89,3.21,-3.35
-22.82,17.46,13.93,-2.61,2.08,-3.44
-19.85,19.81,12.41,-3.35,1.05,-3.18
-16.33,19.63,9.38,-3.72,0.37,-2.63
-11.80,18.50,6.96,-3.25,0.12,-2.22
-8.25,17.18,4.70,-2.51,0.12,-1.76
-5.93,16.09,4.24,-1.06,0.15,-1.38
-4.51,15.65,4.01,-0.18,0.05,-1.12
-3.28,15.94,3.91,0.21,-0.21,-0.92
-2.06,16.22,3.06,0.08,-0.52,-0.57
-0.96,16.42,1.85,-0.27,-0.76,-0.12
-0.12,16.07,0.61,-0.56,-0.89,0.45
0.68,14.76,-0.53,-0.67,-0.89,1.12
0.91,12.81,-0.74,-0.50,-0.80,1.70
0.59,10.87,-0.77,-0.03,-0.72,2.17
-0.31,9.48,-0.62,0.79,-0.69,2.50
-1.35,9.24,0.17,1.30,-0.75,2.69
-2.33,9.27,0.16,1.60,-0.87,2.84
-3.34,9.53,0.41,1.60,-0.98,3.12
-4.91,9.80,0.72,1.78,-0.97,3.48
-6.84,10.03,1.64,1.94,-0.91,3.81
-9.39,10.48,2.80,2.13,-0.80,4.12
-12.00,11.31,4.09,2.56,-0.67,4.26
-15.22,11.69,5.00,2.81,-0.63,4.46
-18.67,10.97,4.24,2.43,-0.60,4.40
-21.07,10.20,3.05,2.39,-0.38,4.17
-22.84,9.81,3.06,2.06,-0.02,3.78
-23.35,8.34,3.84,1.48,0.23,3.55
-21.73,4.87,3.81,0.87,0.21,3.02
-19.07,0.85,3.70,0.58,-0.00,2.34
-15.47,-2.78,2.45,-0.04,-0.29,1.63
-10.72,-5.70,-1.14,-0.15,-0.24,0.34
-9.00,-5.74,-2.22,0.09,0.23,-0.34
-7.32,-5.42,-1.58,0.05,0.72,-0.86
-6.34,-5.93,-1.34,-0.35,1.15,-1.28
-4.99,-6.56,-0.30,-0.76,1.42,-1.69
-4.52,-7.08,-0.77,-1.05,1.57,-1.95
-4.69,-6.72,-0.82,-0.84,1.68,-2.32
-4.20,-5.60,-0.31,-0.68,1.72,-2.53
-4.08,-5.04,-0.55,-0.65,1.73,-2.94
-4.33,-4.62,-0.53,-1.36,1.69,-2.73
-4.50,-5.25,-1.21,-1.64,1.77,-3.04
-4.87,-4.37,-2.36,-1.97,1.90,-3.19
-6.73,-3.94,-2.33,-0.87,1.96,-3.41
-10.16,-1.84,-1.87,-0.59,2.02,-3.61
-15.72,1.84,0.47,0.11,1.86,-4.42
-19.74,9.13,3.34,-1.37,1.39,-4.93
-23.73,17.24,4.33,-1.79,2.67,-4.69
-24.94,19.73,6.85,-2.72,1.55,-4.04
-25.81,21.81,7.51,-3.57,0.99,-4.04
-22.76,22.57,7.46,-4.08,0.56,-3.98
-18.82,22.84,7.80,-3.70,0.17,-3.83
-13.57,21.69,7.64,-3.27,-0.27,-3.54
-9.82,20.38,6.69,-2.60,-0.68,-2.70
-8.33,18.81,5.02,-1.20,-0.91,-1.87
-6.98,18.12,3.78,-0.21,-1.07,-1.37
-5.04,17.87,2.04,0.37,-1.14,-0.81
-3.45,17.58,0.59,0.75,-0.96,-0.21
-1.56,16.16,0.74,1.00,-0.72,0.59
-0.62,13.79,0.32,1.04,-0.52,1.48
-0.87,11.43,-0.46,1.34,-0.20,2.21
-0.28,9.72,-1.29,2.45,0.27,2.57
0.41,8.02,-1.26,3.78,0.67,3.01
0.60,7.21,-0.01,4.29,0.77,3.55
0.15,6.45,0.00,3.96,0.52,4.20
-0.84,5.69,0.37,3.41,0.19,4.44
-1.93,5.64,0.61,2.11,-0.23,4.52
-3.72,5.87,-0.26,0.96,-0.69,4.54
-5.43,6.62,-0.11,0.36,-0.95,4.41
-7.85,8.41,0.37,0.29,-1.05,4.34
-10.50,11.51,1.79,0.89,-1.07,4.27
-13.07,14.27,2.42,1.56,-1.10,4.27
-16.36,15.88,1.17,2.23,-1.14,4.65
-21.34,14.98,-0.63,2.82,-1.02,5.07
-23.77,13.67,-1.68,2.80,-0.44,4.59
-24.66,13.35,-0.33,2.08,0.19,3.85
-23.01,10.69,1.09,0.72,0.30,3.33
-20.67,5.75,0.56,-0.58,-0.05,2.92
-16.88,0.92,-0.24,-1.14,-0.38,2.31
-12.88,-3.22,-1.17,-1.15,-0.58,1.44
-10.05,-5.37,-2.01,-0.90,-0.50,0.42
-7.66,-5.34,-1.91,-0.43,-0.31,-0.69
-5.76,-4.29,-1.47,-0.38,-0.20,-1.57
-4.88,-3.59,-1.31,-0.64,-0.18,-2.08
-4.25,-3.59,-1.60,-1.09,-0.16,-2.35
-3.67,-4.45,-2.65,-1.67,0.06,-2.55
-3.87,-5.10,-3.49,-1.98,0.55,-2.85
-4.00,-5.04,-3.20,-2.09,1.11,-3.31
-4.03,-4.53,-2.86,-1.92,1.56,-3.72
-4.89,-3.75,-1.91,-1.68,1.78,-3.83
-4.61,-3.04,-1.36,-1.82,1.71,-3.89
-5.40,-2.22,-1.69,-2.22,1.57,-3.75
-6.28,-1.48,-1.87,-2.77,1.56,-3.67
-7.95,-1.08,-1.85,-3.30,1.59,-3.71
-11.30,-0.46,-1.90,-3.64,1.68,-3.48
-16.27,1.15,-1.32,-3.41,2.03,-3.55
-19.81,4.02,0.64,-2.64,2.44,-3.99
-23.45,8.67,3.78,-1.68,2.62,-4.09
-27.38,14.52,7.59,-0.80,2.59,-4.04
-27.70,19.03,10.10,-1.38,2.27,-4.33
-23.32,22.20,11.51,-2.47,1.64,-4.13
-20.49,22.66,12.43,-3.16,1.00,-3.51
-16.00,20.75,12.42,-4.13,0.34,-3.13
-11.51,18.99,10.65,-3.99,-0.22,-2.73
-9.02,17.90,9.09,-2.51,-0.57,-2.09
-7.43,16.95,7.21,-1.05,-0.77,-1.38
-6.23,16.49,5.33,0.05,-0.86,-0.78
-4.92,15.82,4.11,0.84,-0.82,-0.23
-3.44,14.81,3.31,1.17,-0.81,0.30
-2.28,13.84,2.43,1.23,-0.93,0.80
-1.10,12.86,1.69,0.98,-1.16,1.29
0.11,11.42,0.15,0.83,-1.37,1.78
0.79,9.47,-0.99,0.84,-1.54,2.31
1.03,7.74,-1.95,1.07,-1.56,2.77
0.53,6.20,-2.45,1.72,-1.45,3.19
-0.52,5.31,-2.05,2.49,-1.28,3.49
-1.68,5.24,-0.87,3.20,-1.15,3.68
-3.18,5.91,0.51,3.36,-1.11,3.95
-5.88,6.96,2.01,3.17,-1.09,4.24
-8.37,8.62,3.62,2.76,-1.16,4.42
-9.75,10.30,5.58,2.21,-1.36,4.50
-11.17,11.57,6.20,1.73,-1.61,4.63
-13.05,13.04,6.76,1.95,-1.71,4.64
-15.25,13.93,6.52,2.02,-1.79,4.96
-19.35,12.91,4.67,2.78,-1.71,5.15
-22.27,12.56,4.26,3.19,-1.20,4.55
-22.46,13.08,3.57,2.85,-0.50,3.87
-22.53,11.80,4.10,2.28,-0.09,3.86
-20.17,7.68,3.81,0.79,-0.11,3.36
-17.10,2.75,2.09,-0.09,-0.41,2.87
-13.00,-1.51,0.88,-0.18,-0.70,2.04
-10.15,-4.51,-0.63,-0.59,-0.89,1.43
-8.04,-6.16,-2.00,-0.50,-0.64,0.43
-6.05,-6.70,-2.55,-0.31,-0.18,-0.42
-4.74,-6.73,-2.42,-0.13,0.23,-1.08
-4.27,-6.66,-1.98,-0.05,0.43,-1.60
-4.27,-6.94,-2.17,-0.19,0.50,-2.05
-3.92,-7.07,-2.38,-0.54,0.68,-2.49
-4.35,-6.34,-2.34,-0.94,1.01,-2.91
-4.44,-5.61,-1.64,-1.39,1.37,-3.55
-4.90,-4.62,-1.64,-1.84,1.56,-3.81
-5.44,-3.45,-1.67,-1.97,1.65,-3.94
-6.15,-2.44,-1.55,-1.95,1.60,-4.00
-7.43,-1.10,-1.63,-2.06,1.53,-4.04
-9.52,0.70,-1.56,-2.34,1.47,-4.16
-12.60,2.72,-1.63,-2.49,1.53,-4.27
-15.45,6.16,-0.48,-2.58,1.77,-4.57
-19.10,11.46,1.74,-2.45,2.17,-4.48
-23.98,16.98,4.48,-1.81,2.50,-4.13
-24.20,20.42,8.30,-1.58,2.43,-4.24
-22.74,22.36,9.61,-1.89,1.93,-4.03
-20.07,23.33,10.41,-1.91,1.28,-3.60
-16.78,22.61,10.06,-2.17,0.59,-3.03
-13.35,21.40,8.72,-2.02,0.05,-2.51
-10.34,19.86,7.41,-1.63,-0.37,-1.83
-8.23,17.91,5.11,-0.92,-0.64,-1.18
-6.48,16.20,3.05,-0.23,-0.73,-0.69
-4.55,14.80,1.49,0.56,-0.68,-0.25
-3.65,13.86,0.59,0.98,-0.55,0.29
-2.37,12.85,0.28,1.09,-0.42,0.69
-1.29,11.62,0.35,0.98,-0.39,1.14
-0.56,10.26,0.37,0.84,-0.50,1.54
0.52,8.98,0.32,0.72,-0.69,1.79
1.11,7.68,-0.44,0.57,-0.82,2.15
0.95,6.58,-0.40,0.83,-0.85,2.44
0.27,5.78,-0.17,1.17,-0.90,2.63
-0.49,5.43,0.32,1.52,-1.00,2.76
-1.30,5.47,0.74,1.63,-1.16,2.88
-2.26,5.93,0.94,1.90,-1.33,3.06
-3.92,6.62,1.49,2.21,-1.48,3.29
-5.99,8.09,2.56,2.33,-1.53,3.36
-7.93,10.87,3.60,2.17,-1.45,3.37
-9.95,13.80,5.35,1.80,-1.34,3.60
-13.20,14.90,5.39,2.07,-1.25,4.22
-18.98,13.95,5.61,3.19,-1.04,4.69
-22.12,12.92,6.22,3.29,-0.69,4.16
-22.56,12.50,4.99,2.87,-0.41,3.73
-22.87,10.66,5.03,2.83,-0.23,3.56
-21.42,6.52,4.41,1.54,-0.38,3.18
-18.28,2.16,2.04,0.59,-0.60,2.47
-15.11,-1.56,0.79,0.05,-0.65,1.74
-12.20,-3.69,-0.43,-0.16,-0.50,1.02
-9.70,-4.77,-0.75,-0.25,-0.22,0.26
-7.80,-5.10,-0.64,-0.14,0.04,-0.38
-6.29,-5.06,-0.38,-0.20,0.08,-0.83
-5.01,-5.20,-1.05,-0.38,0.07,-1.27
-4.18,-5.37,-1.81,-0.48,0.16,-1.61
-3.36,-5.12,-2.35,-0.59,0.35,-1.99
-2.78,-4.87,-2.60,-1.03,0.64,-2.37
-2.36,-4.56,-2.41,-1.47,0.92,-2.75
-2.79,-4.05,-2.27,-2.05,1.17,-2.96
-3.25,-3.69,-2.16,-2.32,1.35,-3.15
-3.92,-3.32,-2.24,-2.21,1.48,-3.34
-4.87,-3.10,-2.25,-2.14,1.52,-3.46
-6.98,-2.79,-2.28,-2.18,1.49,-3.46
-11.01,-2.27,-2.08,-2.26,1.48,-3.48
-16.07,-1.70,-1.74,-2.47,1.59,-3.79
-20.59,1.76,0.70,-2.72,1.82,-4.77
-22.93,7.75,2.86,-2.65,1.92,-5.28
-28.10,15.93,6.52,-1.69,1.79,-5.27
-27.29,22.30,9.13,-2.32,1.42,-5.49
-24.24,26.25,9.37,-3.16,1.20,-4.84
-20.68,27.30,10.57,-3.40,0.96,-3.94
-16.27,25.48,10.81,-3.25,0.65,-3.24
-11.73,23.83,10.45,-1.91,0.18,-2.56
-9.14,22.31,9.15,-0.83,-0.37,-1.74
-7.10,20.55,6.35,0.32,-0.78,-1.10
-5.00,19.16,4.07,1.23,-1.01,-0.50
-3.87,17.68,2.07,1.63,-1.08,0.29
-2.50,15.70,0.58,2.01,-0.93,0.87
-1.21,13.46,0.19,1.99,-0.78,1.46
-0.18,11.09,0.36,1.80,-0.74,1.97
0.44,9.18,0.50,1.68,-0.79,2.26
1.00,7.54,0.40,1.65,-0.94,2.44
1.10,6.11,-0.05,1.93,-1.06,2.60
0.46,5.20,-0.38,2.40,-1.16,2.89
-0.35,4.71,-0.16,2.60,-1.20,3.17
-1.32,4.52,0.13,2.72,-1.21,3.39
-2.52,4.72,0.96,2.74,-1.17,3.57
-3.68,5.34,1.40,2.71,-1.14,3.77
-5.90,6.35,1.85,2.84,-0.97,3.99
-8.47,8.44,2.99,3.37,-0.70,4.10
-11.35,11.21,4.56,3.75,-0.40,4.07
-14.54,14.30,5.35,3.73,-0.15,4.09
-20.19,16.48,5.90,3.71,0.27,4.51
-23.04,16.49,7.66,2.50,0.66,4.03
-23.04,14.56,7.76,0.62,0.59,3.85
-22.55,10.86,8.38,-0.89,0.19,3.82
-20.92,5.04,6.53,-2.35,-0.43,3.44
-18.23,-0.39,3.04,-1.80,-0.97,2.80
-15.18,-3.87,0.54,-1.13,-1.25,2.04
-13.24,-5.65,-2.00,-0.46,-0.98,1.00
-10.58,-5.80,-2.90,-0.01,-0.30,-0.05
-8.46,-5.08,-2.57,0.22,0.32,-0.88
-6.56,-4.25,-1.15,-0.06,0.66,-1.55
-5.74,-3.95,-0.43,-0.63,0.71,-2.01
-5.13,-4.12,-0.40,-1.28,0.66,-2.50
-4.42,-4.47,-0.90,-1.80,0.68,-2.89
-3.87,-4.58,-1.26,-2.17,0.87,-3.14
-3.93,-4.30,-1.59,-2.01,1.13,-3.30
-4.94,-3.56,-1.32,-1.88,1.43,-3.51
-5.48,-3.12,-0.71,-1.57,1.67,-3.81
-6.67,-2.89,-0.02,-1.55,1.77,-4.01
-8.31,-2.37,0.75,-1.75,1.74,-4.07
-10.87,-1.44,1.14,-2.22,1.66,-4.20
-14.83,-0.31,0.63,-1.98,1.58,-4.30
-19.35,2.73,1.48,-1.62,1.50,-5.04
-22.67,8.96,3.28,-2.39,1.48,-5.71
-25.12,15.90,5.89,-3.18,1.76,-5.64
-24.94,20.79,9.92,-3.36,1.72,-5.11
-22.75,21.85,11.27,-3.52,1.16,-4.44
-18.12,21.72,9.62,-2.57,0.48,-4.40
-13.92,22.46,6.37,-1.18,-0.04,-3.78
-11.29,23.90,4.66,0.09,-0.11,-3.00
-8.53,25.21,5.03,0.53,-0.07,-2.18
-8.05,24.27,5.22,0.40,-0.21,-0.92
-7.85,21.59,4.91,-0.27,-0.48,0.00
-7.00,18.88,3.99,-0.51,-0.71,0.67
-5.66,16.62,2.89,-0.33,-0.80,1.30
-4.32,14.64,2.23,0.35,-0.77,2.03
-3.57,12.94,1.84,1.26,-0.70,2.75
-3.16,11.49,2.12,2.09,-0.60,3.32
-3.28,10.43,3.35,2.47,-0.56,3.86
-3.83,9.36,4.12,2.43,-0.77,4.24
-4.99,7.94,4.00,2.17,-1.16,4.51
-6.12,6.84,3.29,2.20,-1.48,4.50
-6.68,6.22,2.81,1.86,-1.69,4.49
-7.77,6.07,1.84,1.79,-1.79,4.65
-8.74,6.06,1.81,2.05,-1.77,4.88
-10.19,5.95,2.00,2.38,-1.73,5.17
-12.57,5.90,3.08,2.68,-1.65,5.30
-13.18,5.28,3.58,2.27,-1.67,5.29
-14.40,3.99,3.03,2.23,-1.64,5.36
-15.51,2.67,2.59,2.29,-1.46,5.12
-16.27,1.80,2.44,2.33,-1.05,4.66
-16.75,1.02,2.49,2.38,-0.57,4.15
-16.80,0.54,3.13,2.25,-0.17,3.40
-15.55,0.19,3.45,1.47,-0.16,2.42
-14.10,-0.27,2.39,0.76,-0.33,1.41
-13.27,-0.90,1.17,0.02,-0.43,0.55
-12.33,-1.09,0.03,-0.45,-0.31,-0.29
-10.85,-1.19,-0.12,-0.77,-0.03,-1.05
-9.75,-1.34,-0.11,-1.08,0.34,-1.68
-9.14,-1.25,0.71,-1.10,0.66,-2.32
-8.23,-1.00,1.16,-1.34,0.84,-2.89
-7.70,-0.87,1.13,-1.61,0.92,-3.31
-7.27,-0.94,0.59,-1.86,1.01,-3.64
-7.24,-1.12,-0.10,-2.02,1.19,-3.88
-7.72,-1.56,-0.86,-2.28,1.54,-4.09
-9.15,-1.67,-0.86,-2.10,2.03,-4.30
-11.11,-1.03,1.06,-2.13,2.36,-4.54
-12.27,0.10,2.30,-1.95,2.44,-4.87
-13.28,1.55,3.83,-1.83,2.15,-4.99
-14.17,2.86,4.18,-2.05,1.58,-5.00
-15.62,3.04,2.97,-2.57,1.08,-4.81
-17.60,2.72,1.04,-2.59,0.95,-4.73
-18.49,4.46,1.54,-1.94,1.06,-4.99
-18.45,8.07,3.22,-1.52,1.00,-5.31
-16.28,12.14,4.71,-0.73,0.74,-5.77
-12.95,16.32,5.52,-0.75,0.26,-5.55
-11.83,22.67,5.15,-0.94,0.10,-5.10
-11.15,27.54,4.91,-0.77,0.19,-4.44
-10.16,29.15,3.72,-1.87,0.27,-3.50
-9.87,29.29,4.32,-2.01,0.60,-2.20
-8.75,27.51,7.21,-1.81,0.72,-1.27
-8.58,24.81,10.19,-1.05,0.47,-0.12
-9.38,21.01,10.76,-0.13,-0.23,1.01
-9.57,17.72,8.95,0.65,-0.97,1.72
-8.74,15.50,6.63,1.16,-1.32,2.22
-8.04,13.82,4.80,1.36,-1.35,2.77
-7.84,13.22,4.46,1.37,-1.23,3.35
-8.40,12.46,4.32,1.49,-1.15,3.98
-8.59,11.09,5.16,1.72,-1.16,4.34
-9.72,9.17,4.55,1.25,-1.31,4.54
-8.68,7.01,3.96,1.51,-1.53,4.54
-9.23,5.80,2.97,1.96,-1.75,4.66
-9.90,5.31,2.88,2.49,-1.79,4.62
-10.90,5.33,3.02,2.71,-1.69,4.71
-12.41,5.62,3.93,2.87,-1.59,4.83
-13.73,4.76,3.83,2.45,-1.62,5.10
-14.92,3.45,3.78,2.42,-1.58,5.13
-16.30,2.72,3.27,2.74,-1.50,5.09
-18.11,3.00,4.37,3.65,-1.33,4.92
-20.07,3.25,4.68,3.84,-1.30,4.95
-21.22,2.52,4.02,3.11,-1.39,4.52
-19.63,0.73,0.90,2.56,-1.46,4.30
-18.36,-0.86,-0.26,1.92,-1.24,3.79
-15.75,-1.32,-1.06,0.98,-0.90,2.88
-11.99,-2.02,-1.61,0.06,-0.51,1.96
-10.04,-2.02,-0.80,-0.66,0.06,0.96
-8.16,-2.09,-0.04,-1.34,0.54,0.04
-7.06,-2.08,0.20,-1.52,0.93,-0.68
-6.14,-1.76,0.90,-1.19,1.23,-1.29
-5.58,-1.38,1.58,-0.87,1.43,-1.77
-5.35,-1.00,1.50,-1.02,1.58,-2.15
-4.99,-0.63,1.20,-1.02,1.75,-2.51
-4.70,-0.38,1.45,-1.26,1.92,-2.75
-4.47,-0.26,1.48,-1.44,2.03,-2.94
-4.52,-0.27,1.77,-1.65,2.05,-3.10
-4.86,-0.18,2.17,-1.84,1.99,-3.29
-5.54,-0.06,2.05,-2.01,1.94,-3.51
-5.91,0.14,2.33,-1.93,1.86,-3.77
-6.24,0.39,2.49,-1.87,1.69,-3.93
-6.48,0.76,2.23,-2.03,1.48,-4.04
-7.67,1.13,1.09,-1.96,1.35,-4.05
-9.88,1.32,0.52,-2.16,1.27,-4.12
-13.23,2.16,-0.39,-2.02,1.25,-4.31
-16.45,5.98,0.31,-1.72,1.36,-5.23
-17.85,12.43,1.49,-1.62,1.49,-5.51
-21.79,19.34,4.59,-1.62,1.55,-4.76
-21.69,22.69,5.71,-2.32,1.58,-4.47
-17.86,23.37,6.41,-3.23,1.45,-3.84
-17.93,22.68,7.23,-2.77,1.53,-2.83
-15.08,20.68,9.24,-2.51,1.57,-2.54
-11.90,20.17,11.30,-1.65,1.28,-2.23
-10.54,19.89,13.16,-0.55,0.53,-1.57
-9.56,18.85,12.35,-0.28,-0.53,-0.99
-8.07,17.54,8.82,-0.04,-1.35,-0.47
-6.55,16.36,5.81,0.15,-1.74,0.03
-5.31,15.11,2.42,0.69,-1.83,0.56
-4.16,14.04,1.23,1.22,-1.72,1.08
-3.20,12.69,0.58,1.50,-1.58,1.65
-2.48,11.05,0.52,1.63,-1.58,2.17
-2.14,9.18,0.31,1.75,-1.72,2.59
-1.87,7.35,-0.18,1.90,-1.87,2.87
-1.68,5.71,-1.25,2.26,-1.93,3.05
-1.71,4.41,-1.80,2.62,-1.86,3.28
-2.66,3.60,-1.88,2.78,-1.66,3.53
-4.20,3.33,-0.93,2.85,-1.42,3.58
-5.78,3.40,0.24,2.69,-1.27,3.54
-7.94,3.63,1.48,2.57,-1.16,3.68
-11.22,4.11,2.44,2.87,-0.97,3.64
-14.90,6.20,4.64,3.25,-0.61,3.51
-18.07,8.48,5.85,3.38,-0.22,3.70
-24.76,8.32,7.04,4.38,0.33,4.56
-26.85,6.10,9.48,3.98,0.63,3.55
-23.80,4.85,7.96,1.93,0.34,2.49
-20.32,2.82,7.21,0.57,0.01,2.17
-17.54,0.14,5.69,-0.71,-0.30,1.77
-14.26,-2.60,3.62,-1.60,-0.54,1.18
-11.65,-4.72,0.73,-1.37,-0.49,0.52
-9.24,-5.17,-0.68,-1.05,-0.03,-0.28
-7.32,-4.32,-1.13,-0.68,0.59,-0.98
-6.12,-3.07,-0.50,-0.55,1.14,-1.49
-5.45,-1.94,0.55,-0.66,1.44,-1.90
-4.39,-1.22,1.34,-1.15,1.48,-2.18
-4.10,-1.08,1.06,-1.65,1.36,-2.30
-3.91,-1.40,0.77,-2.14,1.24,-2.51
-3.90,-1.86,-0.40,-2.29,1.21,-2.76
-3.99,-1.99,-1.05,-2.13,1.31,-2.97
-4.41,-1.54,-1.28,-2.01,1.40,-3.15
-5.45,-0.72,-1.31,-1.70,1.47,-3.24
-7.19,0.50,-0.83,-1.66,1.54,-3.31
-8.64,1.78,0.29,-1.65,1.51,-3.56
-10.09,2.49,0.85,-2.12,1.33,-3.61
-11.52,2.93,1.22,-2.43,1.09,-3.98
-11.30,4.49,0.20,-2.81,1.11,-4.44
-12.35,7.37,1.07,-2.17,1.43,-4.62
-15.00,11.17,2.72,-1.51,1.70,-4.24
-18.56,15.47,5.21,-0.86,1.72,-4.19
-17.15,20.13,8.00,-1.43,1.59,-4.19
-16.27,23.78,9.39,-1.52,1.34,-3.45
-14.20,24.44,11.25,-1.36,0.86,-2.71
-12.10,24.36,12.39,-0.91,0.18,-1.69
-11.52,23.25,11.72,-0.15,-0.61,-0.81
-10.73,21.88,9.14,0.71,-1.38,-0.04
-9.37,20.66,6.28,1.28,-1.79,0.69
-8.01,18.89,3.70,1.55,-1.71,1.61
-7.24,16.58,3.12,1.52,-1.37,2.49
-6.92,14.03,3.57,1.30,-1.16,3.21
-7.16,11.70,3.92,1.16,-1.16,3.75
-7.35,9.68,3.97,1.18,-1.31,4.17
-7.61,7.86,4.05,0.88,-1.48,4.29
-7.79,6.36,2.82,1.48,-1.62,4.40
-8.18,5.31,2.01,2.05,-1.68,4.63
-8.84,4.90,1.91,2.41,-1.69,4.73
-9.56,4.96,1.66,2.55,-1.66,4.77
-10.61,5.23,1.77,2.57,-1.59,4.85
-11.70,5.22,2.12,1.99,-1.57,4.99
-12.57,4.69,1.90,1.44,-1.66,5.00
-13.25,3.96,1.45,1.05,-1.74,4.96
-13.81,3.52,1.20,1.10,-1.69,4.79
-14.66,3.47,1.37,1.37,-1.51,4.57
-16.23,3.67,0.92,1.84,-1.19,4.22
-16.91,3.34,1.03,2.26,-0.79,3.81
-16.89,3.06,0.58,2.05,-0.44,3.33
-14.92,2.68,0.19,1.88,-0.04,2.64
-12.57,1.86,0.04,1.45,0.27,2.06
-10.87,1.13,0.55,1.20,0.50,1.47
-9.65,0.59,1.08,0.80,0.59,0.81
-8.47,-0.05,1.11,0.31,0.56,0.11
-7.39,-0.80,0.43,-0.06,0.53,-0.61
-6.65,-1.10,0.17,-0.06,0.62,-1.33
-6.34,-0.65,0.43,-0.23,0.81,-1.98
-5.89,-0.02,0.67,-0.43,0.97,-2.52
-5.45,0.40,1.18,-0.73,0.99,-2.92
-5.31,0.42,1.02,-0.84,0.92,-3.26
-5.39,0.29,0.67,-0.95,0.83,-3.57
-5.66,0.39,0.16,-1.01,0.79,-3.86
-5.73,1.11,0.10,-1.21,0.84,-4.12
-5.78,1.78,-0.44,-1.54,1.01,-4.21
-6.16,2.23,-0.43,-1.68,1.24,-4.21
-6.62,2.80,0.31,-1.66,1.42,-4.21
-7.21,3.38,1.02,-1.70,1.45,-4.20
-7.88,4.07,1.62,-1.86,1.33,-4.22
-7.99,4.74,1.57,-2.30,1.11,-4.14
-8.88,4.80,0.61,-2.26,0.95,-4.01
-10.08,5.04,0.04,-2.24,0.99,-3.98
-11.58,6.19,0.63,-2.01,1.20,-4.12
-13.58,9.15,2.42,-1.94,1.33,-4.31
-16.60,13.39,3.99,-1.93,1.39,-4.11
-18.45,17.87,5.84,-2.28,1.39,-3.89
-17.20,20.98,6.19,-2.92,1.31,-3.56
-16.92,22.40,7.49,-3.13,1.36,-2.74
-16.74,21.08,9.34,-3.28,1.26,-2.05
-14.96,19.62,10.56,-3.06,0.91,-1.86
-13.00,19.27,11.64,-2.44,0.30,-1.55
-11.49,18.70,11.22,-1.96,-0.52,-1.05
-9.87,17.77,8.58,-1.16,-1.16,-0.53
-7.31,16.86,6.43,-0.48,-1.49,0.13
-5.63,15.23,4.64,-0.01,-1.50,0.98
-3.89,12.69,3.83,0.49,-1.40,1.68
-2.39,10.08,3.88,0.96,-1.42,2.22
-1.15,7.86,3.29,1.18,-1.64,2.62
-0.92,6.42,1.73,1.88,-1.92,2.94
-0.87,5.28,0.52,2.71,-2.03,3.08
-2.03,4.47,-0.84,3.71,-1.92,3.28
-2.66,4.63,-0.45,3.70,-1.76,3.40
-3.57,4.58,0.01,3.45,-1.65,3.60
-5.00,4.70,1.13,3.17,-1.60,3.73
-6.45,5.08,1.85,2.69,-1.63,3.81
-8.60,6.06,2.65,2.70,-1.62,4.00
-11.31,7.67,3.76,2.74,-1.53,4.02
-13.89,9.79,3.87,2.86,-1.45,3.90
-16.52,11.68,4.19,2.86,-1.27,3.97
-20.07,11.39,3.49,2.47,-0.74,4.06
-20.95,9.66,3.22,1.97,-0.10,3.62
-20.20,7.69,4.18,1.74,0.38,3.22
-19.48,4.95,4.76,1.17,0.56,2.81
-17.54,2.15,4.19,0.45,0.55,2.16
-13.98,-0.07,2.89,-0.02,0.50,1.22
-10.88,-1.47,2.09,-0.25,0.50,0.49
-8.69,-2.15,1.24,-0.33,0.58,-0.18
-7.06,-2.28,1.09,-0.48,0.63,-0.85
-5.78,-2.38,0.66,-0.67,0.60,-1.40
-4.81,-2.77,0.20,-0.87,0.49,-1.81
-3.94,-3.37,-0.27,-0.99,0.44,-2.26
-2.72,-3.90,-1.07,-1.37,0.48,-2.64
-2.15,-3.85,-1.24,-1.43,0.54,-3.02
-2.08,-3.56,-1.92,-1.54,0.63,-3.31
-1.92,-3.40,-2.49,-1.62,0.79,-3.54
-2.35,-3.20,-2.87,-1.45,0.96,-3.66
-2.90,-2.82,-2.97,-1.33,1.10,-3.80
-3.78,-2.59,-3.74,-1.33,1.23,-3.87
-5.63,-2.21,-3.42,-1.09,1.42,-4.01
-8.69,-1.64,-2.91,-1.08,1.55,-4.13
-13.44,-0.97,-2.12,-1.05,1.58,-4.31
-17.42,1.09,0.07,-1.06,1.42,-4.96
-19.96,6.92,2.22,-2.19,1.23,-5.66
-23.52,13.40,3.60,-2.55,1.15,-5.48
-25.93,18.63,6.51,-2.32,0.98,-5.20
-24.28,22.41,8.24,-3.14,0.69,-4.87
-23.00,25.04,7.64,-2.64,0.54,-3.91
-19.74,24.25,7.93,-1.70,0.42,-3.10
-16.08,23.38,7.95,-0.73,0.23,-2.36
-13.11,22.47,7.57,0.10,-0.06,-1.53
-10.53,20.90,5.98,0.74,-0.50,-0.66
-8.70,19.61,3.53,1.13,-0.78,0.14
-7.12,18.18,1.13,1.48,-0.73,0.92
-5.94,16.46,-0.19,1.78,-0.41,1.66
-5.02,14.63,-0.15,1.98,-0.02,2.33
-4.64,12.86,1.01,1.97,0.18,2.87
-4.43,11.03,2.18,1.62,0.10,3.24
-4.09,9.30,2.55,1.06,-0.19,3.37
-3.01,7.68,1.83,0.66,-0.60,3.51
-3.21,6.42,0.77,0.88,-0.92,3.71
-3.74,5.61,0.12,1.18,-1.07,3.90
-4.35,5.37,-0.37,1.67,-1.05,4.04
-5.48,5.54,-0.01,2.09,-0.95,4.21
-7.13,5.87,1.14,2.13,-0.92,4.37
-8.44,6.24,1.92,1.97,-0.96,4.50
-9.83,6.86,2.44,1.93,-0.99,4.74
-12.07,7.33,2.58,2.15,-0.96,4.99
-13.92,6.93,2.75,2.64,-0.82,5.05
-15.83,6.93,2.87,2.85,-0.67,4.90
-16.70,7.19,2.18,2.15,-0.47,4.50
-18.92,5.77,0.56,2.29,-0.05,4.48
-19.03,4.68,1.31,2.06,0.46,3.47
-17.34,4.76,1.89,1.55,0.78,2.62
-16.16,3.92,3.30,0.65,0.84,2.08
-14.69,2.09,3.80,-0.41,0.66,1.54
-12.69,-0.06,3.34,-1.26,0.36,0.95
-10.42,-1.95,2.73,-1.53,0.05,0.12
-8.62,-3.27,1.17,-1.35,-0.07,-0.71
-7.13,-3.62,-0.02,-1.04,0.10,-1.55
-5.90,-3.14,-0.28,-0.54,0.44,-2.27
-5.40,-2.35,0.27,-0.50,0.78,-2.70
-5.02,-1.94,1.35,-0.74,0.95,-3.05
-4.97,-2.03,1.65,-1.24,0.93,-3.20
-4.65,-2.09,2.20,-1.64,0.76,-3.51
-4.36,-1.99,1.76,-2.15,0.49,-3.65
-4.50,-1.76,0.71,-2.19,0.34,-3.79
-5.30,-1.28,-0.27,-2.08,0.32,-3.72
-6.11,-0.67,-0.89,-1.61,0.38,-3.76
-7.48,-0.01,-1.25,-1.32,0.44,-3.76
-9.22,0.84,-0.48,-0.98,0.42,-3.99
-11.88,2.77,0.40,-0.81,0.30,-4.11
-14.40,5.08,1.74,-0.48,0.06,-4.31
-15.32,7.79,1.86,-0.88,-0.25,-4.57
-14.90,10.40,0.51,-1.12,-0.53,-4.29
-17.90,14.42,-0.69,-1.29,-0.43,-3.81
-18.72,17.97,-0.90,-1.30,-0.08,-3.64
-18.75,21.32,-0.43,-1.22,0.44,-3.45
-17.80,24.39,1.94,-0.96,1.00,-3.18
-15.14,26.00,4.87,-1.18,1.18,-2.74
-12.17,26.15,6.96,-1.42,0.89,-1.95
-10.25,24.12,7.75,-1.35,0.38,-0.88
-9.23,20.82,6.68,-0.99,-0.14,0.04
-8.32,17.59,4.92,-0.52,-0.43,0.66
-6.93,15.10,3.75,-0.09,-0.46,1.14
-5.53,13.18,3.50,0.11,-0.38,1.61
-4.42,11.39,3.50,0.10,-0.40,2.05
-3.67,9.75,3.27,-0.03,-0.63,2.39
-2.97,8.23,2.75,-0.17,-0.98,2.66
-2.28,6.74,1.20,-0.01,-1.35,2.84
-1.79,5.49,-0.14,0.40,-1.60,2.99
-1.37,4.27,-1.27,0.83,-1.69,3.24
-1.43,3.19,-2.28,1.36,-1.64,3.49
-1.62,2.54,-3.11,1.79,-1.49,3.64
-2.06,2.49,-3.61,2.26,-1.29,3.70
-2.81,2.96,-3.49,2.55,-1.01,3.68
-3.75,4.07,-2.17,2.52,-0.74,3.62
-5.34,4.82,-0.77,2.17,-0.55,3.57
-6.54,5.59,0.79,1.54,-0.49,3.43
-8.43,6.56,1.93,1.21,-0.44,3.19
-10.50,8.57,3.30,1.22,-0.37,2.93
-14.46,11.47,4.48,1.81,-0.18,3.12
-20.03,12.76,5.64,2.99,0.26,3.34
-20.93,11.27,7.81,2.94,0.48,3.00
-20.85,9.82,5.94,2.15,0.33,2.49
-20.16,7.90,6.42,1.79,0.13,2.21
-18.10,4.79,4.87,0.14,-0.18,1.69
-15.42,1.50,2.31,-0.59,-0.43,1.06
-12.71,-1.20,0.76,-0.95,-0.39,0.25
-9.06,-2.65,-0.23,-0.79,0.47,-1.53
-8.05,-1.87,0.47,-0.43,0.73,-2.16
-7.37,-1.10,1.00,-0.52,0.76,-2.69
-6.19,-0.99,0.79,-0.54,0.60,-2.95
-5.63,-1.26,-0.26,-0.90,0.48,-3.16
-4.37,-1.28,-1.02,-1.20,0.49,-3.43
-3.76,-1.24,-1.59,-1.58,0.55,-3.51
-3.21,-1.27,-2.50,-2.00,0.69,-3.57
-3.28,-1.32,-3.32,-1.91,0.88,-3.50
-3.78,-1.18,-2.96,-1.55,1.09,-3.61
-4.76,-0.89,-1.88,-1.43,1.21,-3.69
-5.89,-0.49,-1.14,-1.69,1.14,-3.78
-7.82,0.24,-0.41,-1.74,1.06,-3.96
-10.56,1.40,0.20,-2.14,0.97,-4.16
-12.36,3.39,0.93,-2.42,0.93,-4.58
-13.75,6.09,1.56,-2.59,1.05,-4.84
-16.80,9.39,3.19,-1.99,1.23,-4.72
-20.08,14.46,5.88,-1.04,1.34,-4.65
-20.58,19.77,8.73,-0.67,1.02,-4.56
-18.84,23.03,9.06,-1.84,0.42,-3.92
-17.44,23.91,7.19,-2.03,0.19,-2.71
-15.84,23.13,7.87,-1.71,0.10,-1.93
-13.40,21.69,7.31,-1.16,-0.10,-1.12
-12.05,19.98,6.88,-0.10,-0.44,-0.32
-10.58,18.17,4.96,0.41,-0.89,0.22
-8.59,16.86,1.78,0.58,-1.15,0.75
-6.79,15.75,-0.24,1.07,-1.09,1.34
-5.44,14.00,-0.76,1.12,-0.80,1.96
-5.13,11.73,-0.25,0.94,-0.48,2.57
-4.93,9.49,0.82,0.84,-0.27,2.97
-4.99,7.82,2.15,0.86,-0.34,3.26
-4.81,6.60,3.07,1.09,-0.67,3.45
-4.75,5.65,3.21,1.32,-1.16,3.56
-4.93,4.97,1.98,1.44,-1.62,3.64
-5.09,4.51,0.63,1.64,-1.83,3.71
-5.90,4.34,-0.38,1.94,-1.78,3.87
-7.05,4.30,-0.62,2.28,-1.56,3.99
-8.46,4.67,0.44,2.58,-1.34,4.10
-9.84,5.00,1.95,2.74,-1.20,4.14
-12.15,5.63,2.79,2.73,-1.19,4.35
-13.46,6.65,4.11,2.70,-1.24,4.15
-16.64,9.28,4.33,2.23,-1.31,4.42
-17.65,7.94,3.32,1.67,-1.19,4.41
